FileType, Version, Date, Time, ChartField, TimeSource, Recorder, Scale, Units, ChartSubType, BaseScaling,,,,,,,
LDP,1, 10/26/2021, 09:38:12, Record, Internal,3, Unity, Primary, Unknown, Primary,,,,,,,
RecNum, Date, Time, Phase, Status,,,,,,,,,,,,,
-1,1,2,-1,3,,,,,,,,,,,,,
VA," ""VB"""," ""VC"""," ""IA"""," ""IB"""," ""IC"""," ""IN"""," ""PFDA"""," ""PFDB"""," ""PFDC"""," ""THDIA"""," ""THDIB"""," ""THDIC"""," ""FREQ""",,,,
4,5,6,7,8,9,10,11,12,13,14,15,16,17,,,,
DeviceID, FID, TID, Form, CTR, CTRN, PTR, LDAR,,,,,,,,,,
FEEDER 1," ""SEL-735-R205-V2-Z102100-D20210305"""," ""STATION A""",9,1,1,1,3,,,,,,,,,,
ChannelName, ChannelFunction, ChannelUnits, ChannelRule, ChannelMult, ChannelRollover, ChannelScale,,,,,,,,,,,
VA, EOI," ""V"""," ""PTR""",1,999999999,1,,,,,,,,,,,
VB, EOI," ""V"""," ""PTR""",1,999999999,1,,,,,,,,,,,
VC, EOI," ""V"""," ""PTR""",1,999999999,1,,,,,,,,,,,
IA, EOI," ""A"""," ""CTR""",1,999999999,1,,,,,,,,,,,
IB, EOI," ""A"""," ""CTR""",1,999999999,1,,,,,,,,,,,
IC, EOI," ""A"""," ""CTR""",1,999999999,1,,,,,,,,,,,
IN, EOI," ""A"""," ""CTRN""",1,999999999,1,,,,,,,,,,,
PFDA, EOI," ""NA"""," ""1""",1,999999999,1,,,,,,,,,,,
PFDB, EOI," ""NA"""," ""1""",1,999999999,1,,,,,,,,,,,
PFDC, EOI," ""NA"""," ""1""",1,999999999,1,,,,,,,,,,,
THDIA, EOI," ""%"""," ""1""",1,999999999,1,,,,,,,,,,,
THDIB, EOI," ""%"""," ""1""",1,999999999,1,,,,,,,,,,,
THDIC, EOI," ""%"""," ""1""",1,999999999,1,,,,,,,,,,,
FREQ, EOI," ""Hz"""," ""1""",1,999999999,1,,,,,,,,,,,
EventDate, EventTime, EventCode, EventDescription,,,,,,,,,,,,,,
4/20/2021, 23:20:51.817, X0002," ""Power loss""",,,,,,,,,,,,,,
4/28/2021, 09:58:44.079, X0001," ""Power restored""",,,,,,,,,,,,,,
4/28/2021, 10:00:21.971, X2048," ""SALARM"," Assert""",,,,,,,,,,,,,
4/28/2021, 10:00:22.971, X1048," ""SALARM"," Deassert""",,,,,,,,,,,,,
4/28/2021, 10:00:26.346, X2034," ""TEST"," Assert""",,,,,,,,,,,,,
4/28/2021, 10:00:50.446, X1034," ""TEST"," Deassert""",,,,,,,,,,,,,
4/28/2021, 10:04:51.129, X0002," ""Power loss""",,,,,,,,,,,,,,
5/17/2021, 15:51:38.430, X0001," ""Power restored""",,,,,,,,,,,,,,
5/18/2021, 07:09:18.076, X0002," ""Power loss""",,,,,,,,,,,,,,
5/18/2021, 07:13:04.126, X0001," ""Power restored""",,,,,,,,,,,,,,
5/18/2021, 07:24:25.201, X2032," ""SSI_EVE"," Assert""",,,,,,,,,,,,,
5/18/2021, 07:26:16.842, X2048," ""SALARM"," Assert""",,,,,,,,,,,,,
5/18/2021, 07:26:17.842, X1048," ""SALARM"," Deassert""",,,,,,,,,,,,,
5/18/2021, 07:26:34.034, X0000," ""Device settings changed""",,,,,,,,,,,,,,
5/18/2021, 07:26:34.467, X2048," ""SALARM"," Assert""",,,,,,,,,,,,,
5/18/2021, 07:26:35.467, X1048," ""SALARM"," Deassert""",,,,,,,,,,,,,
5/18/2021, 07:28:34.667, X0000," ""Device settings changed""",,,,,,,,,,,,,,
5/18/2021, 07:28:35.092, X2048," ""SALARM"," Assert""",,,,,,,,,,,,,
5/18/2021, 07:28:36.092, X1048," ""SALARM"," Deassert""",,,,,,,,,,,,,
5/18/2021, 09:09:33.037, X2048," ""SALARM"," Assert""",,,,,,,,,,,,,
5/18/2021, 09:09:34.037, X1048," ""SALARM"," Deassert""",,,,,,,,,,,,,
5/18/2021, 09:26:57.803, X2048," ""SALARM"," Assert""",,,,,,,,,,,,,
5/18/2021, 09:26:58.803, X1048," ""SALARM"," Deassert""",,,,,,,,,,,,,
5/18/2021, 10:48:09.203, X0002," ""Power loss""",,,,,,,,,,,,,,
6/14/2021, 11:50:28.504, X0001," ""Power restored""",,,,,,,,,,,,,,
6/14/2021, 11:53:57.154, X0002," ""Power loss""",,,,,,,,,,,,,,
8/31/2021, 06:21:22.452, X0001," ""Power restored""",,,,,,,,,,,,,,
8/31/2021, 07:10:33.910, X2048," ""SALARM"," Assert""",,,,,,,,,,,,,
8/31/2021, 07:10:34.910, X1048," ""SALARM"," Deassert""",,,,,,,,,,,,,
8/31/2021, 07:23:40.093, X0002," ""Power loss""",,,,,,,,,,,,,,
9/2/2021, 06:56:46.817, X0001," ""Power restored""",,,,,,,,,,,,,,
9/2/2021, 07:06:36.617, X2048," ""SALARM"," Assert""",,,,,,,,,,,,,
9/2/2021, 07:06:37.617, X1048," ""SALARM"," Deassert""",,,,,,,,,,,,,
9/2/2021, 07:17:17.417, X2048," ""SALARM"," Assert""",,,,,,,,,,,,,
9/2/2021, 07:17:18.417, X1048," ""SALARM"," Deassert""",,,,,,,,,,,,,
9/2/2021, 07:21:54.067, X0002," ""Power loss""",,,,,,,,,,,,,,
9/7/2021, 06:23:44.336, X0001," ""Power restored""",,,,,,,,,,,,,,
9/7/2021, 06:40:05.519, X2048," ""SALARM"," Assert""",,,,,,,,,,,,,
9/7/2021, 06:40:06.519, X1048," ""SALARM"," Deassert""",,,,,,,,,,,,,
9/7/2021, 06:40:08.469, X2034," ""TEST"," Assert""",,,,,,,,,,,,,
9/7/2021, 06:40:36.194, X1034," ""TEST"," Deassert""",,,,,,,,,,,,,
9/7/2021, 07:04:26.994, X2048," ""SALARM"," Assert""",,,,,,,,,,,,,
9/7/2021, 07:04:27.994, X1048," ""SALARM"," Deassert""",,,,,,,,,,,,,
9/7/2021, 07:04:33.919, X0000," ""Device settings changed""",,,,,,,,,,,,,,
9/7/2021, 07:04:34.303, X2048," ""SALARM"," Assert""",,,,,,,,,,,,,
9/7/2021, 07:04:35.303, X1048," ""SALARM"," Deassert""",,,,,,,,,,,,,
9/7/2021, 07:04:43.386, X0000," ""Device settings changed""",,,,,,,,,,,,,,
9/7/2021, 07:04:43.386, X2048," ""SALARM"," Assert""",,,,,,,,,,,,,
9/7/2021, 07:04:44.386, X1048," ""SALARM"," Deassert""",,,,,,,,,,,,,
9/7/2021, 07:18:24.186, X0002," ""Power loss""",,,,,,,,,,,,,,
9/9/2021, 06:41:06.826, X0001," ""Power restored""",,,,,,,,,,,,,,
9/9/2021, 06:49:55.351, X2048," ""SALARM"," Assert""",,,,,,,,,,,,,
9/9/2021, 06:49:56.351, X1048," ""SALARM"," Deassert""",,,,,,,,,,,,,
9/9/2021, 06:52:27.568, X0000," ""Device settings changed""",,,,,,,,,,,,,,
9/9/2021, 06:52:27.910, X2048," ""SALARM"," Assert""",,,,,,,,,,,,,
9/9/2021, 06:52:28.910, X1048," ""SALARM"," Deassert""",,,,,,,,,,,,,
9/9/2021, 08:54:00.008, X0003," ""Time change (manual set occurred)""",,,,,,,,,,,,,,
9/9/2021, 09:20:06.200, X0002," ""Power loss""",,,,,,,,,,,,,,
9/14/2021, 08:14:56.734, X0001," ""Power restored""",,,,,,,,,,,,,,
9/14/2021, 09:16:40.175, X0002," ""Power loss""",,,,,,,,,,,,,,
9/16/2021, 08:42:30.821, X0001," ""Power restored""",,,,,,,,,,,,,,
9/16/2021, 08:50:48.388, X2048," ""SALARM"," Assert""",,,,,,,,,,,,,
9/16/2021, 08:50:49.388, X1048," ""SALARM"," Deassert""",,,,,,,,,,,,,
9/16/2021, 08:50:54.705, X0000," ""Device settings changed""",,,,,,,,,,,,,,
9/16/2021, 08:50:55.013, X2048," ""SALARM"," Assert""",,,,,,,,,,,,,
9/16/2021, 08:50:56.013, X1048," ""SALARM"," Deassert""",,,,,,,,,,,,,
9/16/2021, 08:51:02.955, X0000," ""Device settings changed""",,,,,,,,,,,,,,
9/16/2021, 08:51:04.338, X2048," ""SALARM"," Assert""",,,,,,,,,,,,,
9/16/2021, 08:51:05.338, X1048," ""SALARM"," Deassert""",,,,,,,,,,,,,
9/16/2021, 09:19:24.080, X0002," ""Power loss""",,,,,,,,,,,,,,
9/21/2021, 08:20:14.576, X0001," ""Power restored""",,,,,,,,,,,,,,
9/21/2021, 09:07:03.260, X0002," ""Power loss""",,,,,,,,,,,,,,
9/23/2021, 08:05:23.974, X0001," ""Power restored""",,,,,,,,,,,,,,
9/23/2021, 08:44:15.223, X0002," ""Power loss""",,,,,,,,,,,,,,
9/23/2021, 08:44:29.952, X0001," ""Power restored""",,,,,,,,,,,,,,
9/23/2021, 09:17:17.411, X2048," ""SALARM"," Assert""",,,,,,,,,,,,,
9/23/2021, 09:17:18.411, X1048," ""SALARM"," Deassert""",,,,,,,,,,,,,
9/23/2021, 09:19:36.211, X0002," ""Power loss""",,,,,,,,,,,,,,
9/28/2021, 08:08:36.512, X0001," ""Power restored""",,,,,,,,,,,,,,
9/28/2021, 09:07:45.161, X0002," ""Power loss""",,,,,,,,,,,,,,
9/30/2021, 08:01:17.421, X0001," ""Power restored""",,,,,,,,,,,,,,
9/30/2021, 08:51:33.280, X2048," ""SALARM"," Assert""",,,,,,,,,,,,,
9/30/2021, 08:51:34.280, X1048," ""SALARM"," Deassert""",,,,,,,,,,,,,
9/30/2021, 09:14:12.071, X0002," ""Power loss""",,,,,,,,,,,,,,
10/5/2021, 08:04:47.217, X0001," ""Power restored""",,,,,,,,,,,,,,
10/5/2021, 09:17:21.490, X2048," ""SALARM"," Assert""",,,,,,,,,,,,,
10/5/2021, 09:17:22.490, X1048," ""SALARM"," Deassert""",,,,,,,,,,,,,
10/5/2021, 09:17:27.582, X0000," ""Device settings changed""",,,,,,,,,,,,,,
10/5/2021, 09:17:27.982, X2048," ""SALARM"," Assert""",,,,,,,,,,,,,
10/5/2021, 09:17:28.982, X1048," ""SALARM"," Deassert""",,,,,,,,,,,,,
10/5/2021, 09:17:35.365, X0000," ""Device settings changed""",,,,,,,,,,,,,,
10/5/2021, 09:17:40.416, X2048," ""SALARM"," Assert""",,,,,,,,,,,,,
10/5/2021, 09:17:41.416, X1048," ""SALARM"," Deassert""",,,,,,,,,,,,,
10/5/2021, 10:32:24.065, X0002," ""Power loss""",,,,,,,,,,,,,,
10/7/2021, 07:55:03.179, X0001," ""Power restored""",,,,,,,,,,,,,,
10/7/2021, 09:18:02.712, X2048," ""SALARM"," Assert""",,,,,,,,,,,,,
10/7/2021, 09:18:03.712, X1048," ""SALARM"," Deassert""",,,,,,,,,,,,,
10/7/2021, 09:18:09.871, X0000," ""Device settings changed""",,,,,,,,,,,,,,
10/7/2021, 09:18:10.179, X2048," ""SALARM"," Assert""",,,,,,,,,,,,,
10/7/2021, 09:18:11.179, X1048," ""SALARM"," Deassert""",,,,,,,,,,,,,
10/7/2021, 09:21:18.229, X0002," ""Power loss""",,,,,,,,,,,,,,
10/8/2021, 09:10:28.860, X0001," ""Power restored""",,,,,,,,,,,,,,
10/8/2021, 10:29:12.126, X0002," ""Power loss""",,,,,,,,,,,,,,
10/12/2021, 08:01:23.657, X0001," ""Power restored""",,,,,,,,,,,,,,
10/12/2021, 09:28:42.115, X0002," ""Power loss""",,,,,,,,,,,,,,
10/14/2021, 08:02:30.191, X0001," ""Power restored""",,,,,,,,,,,,,,
10/14/2021, 08:53:48.257, X0002," ""Power loss""",,,,,,,,,,,,,,
10/21/2021, 09:57:05.794, X0001," ""Power restored""",,,,,,,,,,,,,,
10/21/2021, 10:40:45.978, X2050," ""HALARM"," Assert""",,,,,,,,,,,,,
10/21/2021, 10:40:50.978, X1050," ""HALARM"," Deassert""",,,,,,,,,,,,,
10/21/2021, 12:42:12.860, X2032," ""SSI_EVE"," Assert""",,,,,,,,,,,,,
10/21/2021, 12:43:35.802, X1032," ""SSI_EVE"," Deassert""",,,,,,,,,,,,,
10/21/2021, 12:43:35.810, X2032," ""SSI_EVE"," Assert""",,,,,,,,,,,,,
10/21/2021, 12:46:54.269, X0002," ""Power loss""",,,,,,,,,,,,,,
10/25/2021, 14:28:48.211, X0001," ""Power restored""",,,,,,,,,,,,,,
10/25/2021, 15:00:03.061, X0002," ""Power loss""",,,,,,,,,,,,,,
10/26/2021, 08:03:33.992, X0001," ""Power restored""",,,,,,,,,,,,,,
10/26/2021, 08:27:10.859, X2032," ""SSI_EVE"," Assert""",,,,,,,,,,,,,
10/26/2021, 08:28:33.342, X1032," ""SSI_EVE"," Deassert""",,,,,,,,,,,,,
10/26/2021, 08:28:33.351, X2032," ""SSI_EVE"," Assert""",,,,,,,,,,,,,
10/26/2021, 08:30:10.326, X1032," ""SSI_EVE"," Deassert""",,,,,,,,,,,,,
10/26/2021, 08:30:13.318, X2032," ""SSI_EVE"," Assert""",,,,,,,,,,,,,
10/26/2021, 09:00:18.702, X2048," ""SALARM"," Assert""",,,,,,,,,,,,,
10/26/2021, 09:00:19.702, X1048," ""SALARM"," Deassert""",,,,,,,,,,,,,
10/26/2021, 09:00:25.160, X0000," ""Device settings changed""",,,,,,,,,,,,,,
10/26/2021, 09:00:25.894, X2048," ""SALARM"," Assert""",,,,,,,,,,,,,
10/26/2021, 09:00:26.894, X1048," ""SALARM"," Deassert""",,,,,,,,,,,,,
10/26/2021, 09:05:23.944, X1032," ""SSI_EVE"," Deassert""",,,,,,,,,,,,,
10/26/2021, 09:05:29.927, X2032," ""SSI_EVE"," Assert""",,,,,,,,,,,,,
10/26/2021, 09:12:20.936, X1032," ""SSI_EVE"," Deassert""",,,,,,,,,,,,,
10/26/2021, 09:12:26.919, X2032," ""SSI_EVE"," Assert""",,,,,,,,,,,,,
Record, Date, Time, Status," ""VA"""," ""VB"""," ""VC"""," ""IA"""," ""IB"""," ""IC"""," ""IN"""," ""PFDA"""," ""PFDB"""," ""PFDC"""," ""THDIA"""," ""THDIB"""," ""THDIC"""," ""FREQ"""
756, 10/26/2021, 09:00:27," ""...""",0,0,0,0,0,0,0,1,1,1,0,0,0,60
755, 10/26/2021, 09:00:30," ""...""",0,0,0,0,0,0,0,1,1,1,0,0,0,60
754, 10/26/2021, 09:00:33," ""...""",0,0,0,0,0,0,0,1,1,1,0,0,0,60
753, 10/26/2021, 09:00:36," ""...""",0,0,0,0,0,0,0,1,1,1,0,0,0,60
752, 10/26/2021, 09:00:39," ""...""",0,0,0,0,0,0,0,1,1,1,0,0,0,60
751, 10/26/2021, 09:00:42," ""...""",0,0,0,0,0,0,0,1,1,1,0,0,0,60
750, 10/26/2021, 09:00:45," ""...""",0,0,0,0,0,0,0,1,1,1,0,0,0,60
749, 10/26/2021, 09:00:48," ""...""",0,0,0,0,0,0,0,1,1,1,0,0,0,60
748, 10/26/2021, 09:00:51," ""...""",0,0,0,0,0,0,0,1,1,1,0,0,0,60
747, 10/26/2021, 09:00:54," ""...""",0,0,0,0,0,0,0,1,1,1,0,0,0,60
746, 10/26/2021, 09:00:57," ""...""",0,0,0,0,0,0,0,1,1,1,0,0,0,60
745, 10/26/2021, 09:01:00," ""...""",0,0,0,0,0,0,0,1,1,1,0,0,0,60
744, 10/26/2021, 09:01:03," ""...""",0,0,0,0,0,0,0,1,1,1,0,0,0,60
743, 10/26/2021, 09:01:06," ""...""",0,0,0,0,0,0,0,1,1,1,0,0,0,60
742, 10/26/2021, 09:01:09," ""...""",0,0,0,0,0,0,0,1,1,1,0,0,0,60
741, 10/26/2021, 09:01:12," ""...""",0,0,0,0,0,0,0,1,1,1,0,0,0,60
740, 10/26/2021, 09:01:15," ""...""",0,0,0,0,0,0,0,1,1,1,0,0,0,60
739, 10/26/2021, 09:01:18," ""...""",0,0,0,0,0,0,0,1,1,1,0,0,0,60
738, 10/26/2021, 09:01:21," ""...""",0,0,0,0,0,0,0,1,1,1,0,0,0,60
737, 10/26/2021, 09:01:24," ""...""",0,0,0,0,0,0,0,1,1,1,0,0,0,60
736, 10/26/2021, 09:01:27," ""...""",0,0,0,0,0,0,0,1,1,1,0,0,0,60
735, 10/26/2021, 09:01:30," ""...""",0,0,0,0,0,0,0,1,1,1,0,0,0,60
734, 10/26/2021, 09:01:33," ""...""",0,0,0,0,0,0,0,1,1,1,0,0,0,60
733, 10/26/2021, 09:01:36," ""...""",0,0,0,0,0,0,0,1,1,1,0,0,0,60
732, 10/26/2021, 09:01:39," ""...""",0,0,0,0,0,0,0,1,1,1,0,0,0,60
731, 10/26/2021, 09:01:42," ""...""",0,0,0,0,0,0,0,1,1,1,0,0,0,60
730, 10/26/2021, 09:01:45," ""...""",0,0,0,0,0,0,0,1,1,1,0,0,0,60
729, 10/26/2021, 09:01:48," ""...""",0,0,0,0,0,0,0,1,1,1,0,0,0,60
728, 10/26/2021, 09:01:51," ""...""",0,0,0,0,0,0,0,1,1,1,0,0,0,60
727, 10/26/2021, 09:01:54," ""...""",0,0,0,0,0,0,0,1,1,1,0,0,0,60
726, 10/26/2021, 09:01:57," ""...""",0,0,0,0,0,0,0,1,1,1,0,0,0,60
725, 10/26/2021, 09:02:00," ""...""",0,0,0,0,0,0,0,1,1,1,0,0,0,60
724, 10/26/2021, 09:02:03," ""...""",0,0,0,0,0,0,0,1,1,1,0,0,0,60
723, 10/26/2021, 09:02:06," ""...""",0,0,0,0,0,0,0,1,1,1,0,0,0,60
722, 10/26/2021, 09:02:09," ""...""",0,0,0,0,0,0,0,1,1,1,0,0,0,60
721, 10/26/2021, 09:02:12," ""...""",0,0,0,0,0,0,0,1,1,1,0,0,0,60
720, 10/26/2021, 09:02:15," ""...""",0,0,0,0,0,0,0,1,1,1,0,0,0,60
719, 10/26/2021, 09:02:18," ""...""",0,0,0,0,0,0,0,1,1,1,0,0,0,60
718, 10/26/2021, 09:02:21," ""...""",0,0,0,0,0,0,0,1,1,1,0,0,0,60
717, 10/26/2021, 09:02:24," ""...""",0,0,0,0,0,0,0,1,1,1,0,0,0,60
716, 10/26/2021, 09:02:27," ""...""",0,0,0,0,0,0,0,1,1,1,0,0,0,60
715, 10/26/2021, 09:02:30," ""...""",0,0,0,0,0,0,0,1,1,1,0,0,0,60
714, 10/26/2021, 09:02:33," ""...""",0,0,0,0,0,0,0,1,1,1,0,0,0,60
713, 10/26/2021, 09:02:36," ""...""",0,0,0,0,0,0,0,1,1,1,0,0,0,60
712, 10/26/2021, 09:02:39," ""...""",0,0,0,0,0,0,0,1,1,1,0,0,0,60
711, 10/26/2021, 09:02:42," ""...""",0,0,0,0,0,0,0,1,1,1,0,0,0,60
710, 10/26/2021, 09:02:45," ""...""",0,0,0,0,0,0,0,1,1,1,0,0,0,60
709, 10/26/2021, 09:02:48," ""...""",0,0,0,0,0,0,0,1,1,1,0,0,0,60
708, 10/26/2021, 09:02:51," ""...""",0,0,0,0,0,0,0,1,1,1,0,0,0,60
707, 10/26/2021, 09:02:54," ""...""",0,0,0,0,0,0,0,1,1,1,0,0,0,60
706, 10/26/2021, 09:02:57," ""...""",0,0,0,0,0,0,0,1,1,1,0,0,0,60
705, 10/26/2021, 09:03:00," ""...""",0,0,0,0,0,0,0,1,1,1,0,0,0,60
704, 10/26/2021, 09:03:03," ""...""",0,0,0,0,0,0,0,1,1,1,0,0,0,60
703, 10/26/2021, 09:03:06," ""...""",0,0,0,0,0,0,0,1,1,1,0,0,0,60
702, 10/26/2021, 09:03:09," ""...""",0,0,0,0,0,0,0,1,1,1,0,0,0,60
701, 10/26/2021, 09:03:12," ""...""",0,0,0,0,0,0,0,1,1,1,0,0,0,60
700, 10/26/2021, 09:03:15," ""...""",0,0,0,0,0,0,0,1,1,1,0,0,0,60
699, 10/26/2021, 09:03:18," ""...""",0,0,0,0,0,0,0,1,1,1,0,0,0,60
698, 10/26/2021, 09:03:21," ""...""",0,0,0,0,0,0,0,1,1,1,0,0,0,60
697, 10/26/2021, 09:03:24," ""...""",0,0,0,0,0,0,0,1,1,1,0,0,0,60
696, 10/26/2021, 09:03:27," ""...""",0,0,0,0,0,0,0,1,1,1,0,0,0,60
695, 10/26/2021, 09:03:30," ""...""",0,0,0,0,0,0,0,1,1,1,0,0,0,60
694, 10/26/2021, 09:03:33," ""...""",0,0,0,0,0,0,0,1,1,1,0,0,0,60
693, 10/26/2021, 09:03:36," ""...""",0,0,0,0,0,0,0,1,1,1,0,0,0,60
692, 10/26/2021, 09:03:39," ""...""",0,0,0,0,0,0,0,1,1,1,0,0,0,60
691, 10/26/2021, 09:03:42," ""...""",0,0,0,0,0,0,0,1,1,1,0,0,0,60
690, 10/26/2021, 09:03:45," ""...""",0,0,0,0,0,0,0,1,1,1,0,0,0,60
689, 10/26/2021, 09:03:48," ""...""",0,0,0,0,0,0,0,1,1,1,0,0,0,60
688, 10/26/2021, 09:03:51," ""...""",0,0,0,0,0,0,0,1,1,1,0,0,0,60
687, 10/26/2021, 09:03:54," ""...""",0,0,0,0,0,0,0,1,1,1,0,0,0,60
686, 10/26/2021, 09:03:57," ""...""",0,0,0,0,0,0,0,1,1,1,0,0,0,60
685, 10/26/2021, 09:04:00," ""...""",0,0,0,0,0,0,0,1,1,1,0,0,0,60
684, 10/26/2021, 09:04:03," ""...""",0,0,0,0,0,0,0,1,1,1,0,0,0,60
683, 10/26/2021, 09:04:06," ""...""",0,0,0,0,0,0,0,1,1,1,0,0,0,60
682, 10/26/2021, 09:04:09," ""...""",0,0,0,0,0,0,0,1,1,1,0,0,0,60
681, 10/26/2021, 09:04:12," ""...""",0,0,0,0,0,0,0,1,1,1,0,0,0,60
680, 10/26/2021, 09:04:15," ""...""",0,0,0,0,0,0,0,1,1,1,0,0,0,60
679, 10/26/2021, 09:04:18," ""...""",0,0,0,0,0,0,0,1,1,1,0,0,0,60
678, 10/26/2021, 09:04:21," ""...""",0,0,0,0,0,0,0.00078434,1,1,1,0,0,0,60
677, 10/26/2021, 09:04:24," ""...""",0,0,0,0,0,0,0,1,1,1,0,0,0,60
676, 10/26/2021, 09:04:27," ""...""",0,0,0,0,0,0,0,1,1,1,0,0,0,60
675, 10/26/2021, 09:04:30," ""...""",0,0,0,0,0,0,0,1,1,1,0,0,0,60
674, 10/26/2021, 09:04:33," ""...""",0,0,0,0,0,0,0,1,1,1,0,0,0,60
673, 10/26/2021, 09:04:36," ""...""",0,0,0,0,0,0,0,1,1,1,0,0,0,60
672, 10/26/2021, 09:04:39," ""...""",0,0,0,0,0,0,0,1,1,1,0,0,0,60
671, 10/26/2021, 09:04:42," ""...""",0,0,0,0,0,0,0,1,1,1,0,0,0,60
670, 10/26/2021, 09:04:45," ""...""",0,0,0,0,0,0,0,1,1,1,0,0,0,60
669, 10/26/2021, 09:04:48," ""...""",24.99850845,25.01080704,24.99158096,0,0,0,0,1,1,1,0,0,0,59.9997139
668, 10/26/2021, 09:04:51," ""...""",24.99848747,25.01132774,24.99192047,0,0,0,0,1,1,1,0,0,0,60.00051117
667, 10/26/2021, 09:04:54," ""...""",0,0,0,0,0,0,0,1,1,1,0,0,0,60
666, 10/26/2021, 09:04:57," ""...""",49.99888992,50.02293015,49.98664093,0,0,0,0,1,1,1,0,0,0,59.99999619
665, 10/26/2021, 09:05:00," ""...""",49.99869537,50.02317429,49.98666382,0,0,0,0,1,1,1,0,0,0,60.00001144
664, 10/26/2021, 09:05:03," ""...""",0,0,0,0,0,0,0,1,1,1,0,0,0,60
663, 10/26/2021, 09:05:06," ""...""",74.9953537,75.03433228,74.97821808,0,0,0,0,1,1,1,0,0,0,60.00011444
662, 10/26/2021, 09:05:09," ""...""",74.99597168,75.03408051,74.97854614,0,0,0,0,1,1,1,0,0,0,60.00001526
661, 10/26/2021, 09:05:12," ""...""",0,0,0,0,0,0,0,1,1,1,0,0,0,59.99999619
660, 10/26/2021, 09:05:15," ""...""",99.99573517,100.0472031,99.9733963,0,0,0,0,1,1,1,0,0,0,60.00001907
659, 10/26/2021, 09:05:18," ""...""",99.99623871,100.0477676,99.97427368,0,0,0,0,1,1,1,0,0,0,59.99999237
658, 10/26/2021, 09:05:21," ""...""",0,0,0,0,0,0,0,1,1,1,0,0,0,59.99999619
657, 10/26/2021, 09:05:24," ""...""",124.9926605,125.0602799,124.9673462,0,0,0,0,1,1,1,0,0,0,59.99990463
656, 10/26/2021, 09:05:27," ""...""",124.9937744,125.0615158,124.9683533,0,0,0,0,1,1,1,0,0,0,60.00010681
655, 10/26/2021, 09:05:30," ""...""",0,0,0,0,0,0,0,1,1,1,0,0,0,59.99999619
654, 10/26/2021, 09:05:33," ""...""",149.9884644,150.0701141,149.9571838,0,0,0,0,1,1,1,0,0,0,60.00002289
653, 10/26/2021, 09:05:36," ""...""",149.9912262,150.0726013,149.9602356,0,0,0,0,1,1,1,0,0,0,59.99998856
652, 10/26/2021, 09:05:39," ""...""",0,0,0,0,0,0,0,1,1,1,0,0,0,60.00000381
651, 10/26/2021, 09:05:42," ""...""",0,0,0,0,0,0,0,1,1,1,0,0,0,60
650, 10/26/2021, 09:05:45," ""...""",0,0,0,0,0,0,0,1,1,1,0,0,0,60
649, 10/26/2021, 09:05:48," ""...""",0,0,0,0.00079474,0,0,0.00083872,1,1,1,0,0,0,60
648, 10/26/2021, 09:05:51," ""...""",5.00008631,5.00274229,4.998281,0.99960089,0,0,1.00058079,0.99999452,1,1,0,0,0,60
647, 10/26/2021, 09:05:54," ""...""",5.00024366,5.00303221,4.99864769,0.9995814,0,0,1.00056088,0.99999321,1,1,0.03125,0,0,60
646, 10/26/2021, 09:05:57," ""...""",5.00001097,5.0025773,4.9985857,0.999578,0,0,1.00056076,0.86421251,1,1,0,0,0,60
645, 10/26/2021, 09:06:00," ""...""",4.99972153,5.00227833,4.9985981,0.99958581,0,0,1.00057924,0.86395848,1,1,0,0,0,60
644, 10/26/2021, 09:06:03," ""...""",5.00014782,5.00243998,4.99846935,0.9995867,0,0,1.00057042,0.49600801,1,1,0,0,0,60
643, 10/26/2021, 09:06:06," ""...""",5.00038624,5.00281191,4.99877691,0.99959135,0,0,1.00056362,0.49674135,1,1,0,0,0,60
642, 10/26/2021, 09:06:09," ""...""",4.99992561,5.00265837,4.9982748,0.9996087,0,0,1.00057089,-0.00427204,1,1,0,0,0,60
641, 10/26/2021, 09:06:12," ""...""",5.00015259,5.00238276,4.99782324,0.9995892,0,0,1.00056553,-0.00448326,1,1,0,0,0,60
640, 10/26/2021, 09:06:15," ""...""",5.00017262,5.00239182,4.99822903,0.99959481,0,0,1.00056648,-0.50376922,1,1,0,0,0,60
639, 10/26/2021, 09:06:18," ""...""",5.00025272,5.00254679,4.99863482,0.99959916,0,0,1.00057387,-0.50318241,1,1,0,0,0,60
638, 10/26/2021, 09:06:21," ""...""",4.9999814,5.00268364,4.99800491,0.99960876,0,0,1.00057423,-0.86822236,1,1,0,0,0,60
637, 10/26/2021, 09:06:24," ""...""",4.99954176,5.00216198,4.99850607,0.99959987,0,0,1.00057495,-0.8681969,1,1,0,0,0,60
636, 10/26/2021, 09:06:27," ""...""",4.99993706,5.00261164,4.99802017,0.99960202,0,0,1.0005697,-0.99999368,1,1,0,0,0,60
635, 10/26/2021, 09:06:30," ""...""",5.00044394,5.0028801,4.99849129,0.99959809,0,0,1.00057602,-0.99999213,1,1,0.03125,0,0,60
634, 10/26/2021, 09:06:33," ""...""",4.99989223,5.00297832,4.99835777,0.9995898,0,0,1.0005604,-0.86378801,1,1,0,0,0,60
633, 10/26/2021, 09:06:36," ""...""",4.99960327,5.00252438,4.99846411,0.99959892,0,0,1.00057828,-0.86434472,1,1,0,0,0,60
632, 10/26/2021, 09:06:39," ""...""",4.99928904,5.00244761,4.99859047,0.99957955,0,0,1.00056911,-0.49685562,1,1,0,0,0,60
631, 10/26/2021, 09:06:42," ""...""",4.99956274,5.00276518,4.99858284,0.9995954,0,0,1.00057304,-0.49620128,1,1,0,0,0,60
630, 10/26/2021, 09:06:45," ""...""",4.9998126,5.002841,4.99852753,0.99960029,0,0,1.00057065,0.0040543,1,1,0,0,0,60
629, 10/26/2021, 09:06:48," ""...""",5.0001049,5.00272226,4.99833059,0.99957818,0,0,1.00054777,0.00424576,1,1,0,0,0,60
628, 10/26/2021, 09:06:51," ""...""",4.99961615,5.00301218,4.9981842,0.99958777,0,0,1.00056458,0.50255322,1,1,0,0,0,60
627, 10/26/2021, 09:06:54," ""...""",4.99963427,5.00219774,4.99799252,0.99960095,0,0,1.00057256,0.50252193,1,1,0,0,0,60
626, 10/26/2021, 09:06:57," ""...""",4.99932861,5.00194454,4.99812365,0.9995783,0,0,1.00056517,0.86798203,1,1,0,0,0,60
625, 10/26/2021, 09:07:00," ""...""",4.99938202,5.00266314,4.99877691,0.99958658,0,0,1.00056732,0.86802167,1,1,0,0,0,60
624, 10/26/2021, 09:07:03," ""...""",0,0,0,0.00092116,0,0,0.00097223,1,1,1,0,0,0,60
623, 10/26/2021, 09:07:06," ""...""",0,0,0,0,0,0,0,1,1,1,0,0,0,60
622, 10/26/2021, 09:07:09," ""...""",0,0,0,0,0,0,0,1,1,1,0,0,0,60
621, 10/26/2021, 09:07:12," ""...""",50.00033188,50.02740479,49.99547958,0,0,0,1.00058222,0.99999595,1,1,0,0,0,60.00012589
620, 10/26/2021, 09:07:15," ""...""",50.0008812,50.02723312,49.99538422,0.99952298,0,0,1.00053406,0.99999601,1,1,0,0,0,60.00082779
619, 10/26/2021, 09:07:18," ""...""",50.00038528,50.0268631,49.99528885,0.99952501,0,0,1.000525,0.86464775,1,1,0,0,0,59.99995804
618, 10/26/2021, 09:07:21," ""...""",50.00035858,50.02716827,49.99522018,0.99954712,0,0,1.00054812,0.86464918,1,1,0,0,0,60.00030518
617, 10/26/2021, 09:07:24," ""...""",50.0007782,50.02692413,49.99502182,0.99955887,0,0,1.00055957,0.49757537,1,1,0,0,0,59.99979401
616, 10/26/2021, 09:07:27," ""...""",50.00071335,50.02724075,49.99599457,0.99955881,0,0,1.00055206,0.49760985,1,1,0,0,0,60.0000267
615, 10/26/2021, 09:07:30," ""...""",50.00084686,50.02720261,49.99577332,0.99959069,0,0,1.00057673,-0.00281315,1,1,0,0,0,60.00006104
614, 10/26/2021, 09:07:33," ""...""",50.00149918,50.02714157,49.99557114,0.99959224,0,0,1.00057137,-0.0027062,1,1,0,0,0,60.00003815
613, 10/26/2021, 09:07:36," ""...""",50.00086212,50.02755737,49.99558258,0.99961561,0,0,1.00057375,-0.50242591,1,1,0,0,0,60.0002327
612, 10/26/2021, 09:07:39," ""...""",50.00064468,50.02685928,49.99523163,0.99963224,0,0,1.0005995,-0.5023526,1,1,0,0,0,60.00009155
611, 10/26/2021, 09:07:42," ""...""",50.00046921,50.02715683,49.99545288,0.99965131,0,0,1.00061047,-0.86736083,1,1,0,0,0,59.99992752
610, 10/26/2021, 09:07:45," ""...""",50.0002327,50.02700806,49.99510193,0.99966109,0,0,1.00060928,-0.86734092,1,1,0,0,0,60.00006104
609, 10/26/2021, 09:07:48," ""...""",50.00057602,50.02686691,49.99554062,0.99965978,0,0,1.00061142,-0.99999595,1,1,0,0,0,60.00030899
608, 10/26/2021, 09:07:51," ""...""",50.00093079,50.02764511,49.9958725,0.99965674,0,0,1.00060868,-0.99999624,1,1,0,0,0,60.00008392
607, 10/26/2021, 09:07:54," ""...""",49.99991226,50.02700043,49.99487686,0.99965066,0,0,1.00060999,-0.86469597,1,1,0,0,0,60.00006104
606, 10/26/2021, 09:07:57," ""...""",50.00019073,50.02708817,49.99518585,0.99966359,0,0,1.00061297,-0.86469525,1,1,0,0,0,59.99926376
605, 10/26/2021, 09:08:00," ""...""",50.00023651,50.02686691,49.99459839,0.99961108,0,0,1.00059068,-0.4976674,1,1,0,0,0,60.000103
604, 10/26/2021, 09:08:03," ""...""",50.00064468,50.02732086,49.99515152,0.99960762,0,0,1.00058341,-0.49775338,1,1,0,0,0,59.99987411
603, 10/26/2021, 09:08:06," ""...""",50.00063705,50.02732468,49.99557114,0.9995808,0,0,1.00057089,0.00263084,1,1,0,0,0,60.00004959
602, 10/26/2021, 09:08:09," ""...""",50.0008812,50.02793503,49.99597168,0.99958163,0,0,1.00055885,0.00275987,1,1,0,0,0,60.00004196
601, 10/26/2021, 09:08:12," ""...""",50.00071716,50.02711868,49.99571228,0.99954486,0,0,1.00054145,0.50235504,1,1,0,0,0,60.00000381
600, 10/26/2021, 09:08:15," ""...""",50.00061798,50.02741623,49.99507904,0.99954844,0,0,1.00053847,0.50225413,1,1,0,0,0,60.00003433
599, 10/26/2021, 09:08:18," ""...""",50.00048447,50.02713776,49.99535751,0.99952161,0,0,1.00053382,0.86737943,1,1,0,0,0,59.99982452
598, 10/26/2021, 09:08:21," ""...""",50.00004196,50.02682114,49.99480438,0.99952459,0,0,1.0005331,0.86740011,1,1,0,0,0,60.00001144
597, 10/26/2021, 09:08:24," ""...""",0,0,0,0.004986,0,0,0.00502453,1,1,1,0,0,0,59.98560715
596, 10/26/2021, 09:08:27," ""...""",0,0,0,0,0,0,0,1,1,1,0,0,0,60
595, 10/26/2021, 09:08:30," ""...""",0,0,0,0,0,0,0,1,1,1,0,0,0,60
594, 10/26/2021, 09:08:33," ""...""",0,0,0,0,0,0,0,1,1,1,0,0,0,60
593, 10/26/2021, 09:08:36," ""...""",99.99723053,100.0473709,99.97293091,0.99953514,0,0,1.00054443,0.99999654,1,1,0,0,0,60.00005341
592, 10/26/2021, 09:08:39," ""...""",99.99816895,100.0478287,99.97333527,0.99952537,0,0,1.00054097,0.99999648,1,1,0,0,0,60.00009918
591, 10/26/2021, 09:08:42," ""...""",99.99625397,100.0464935,99.97174072,0.99951953,0,0,1.00051701,0.86462528,1,1,0,0,0,60.00004196
590, 10/26/2021, 09:08:45," ""...""",99.99617004,100.0458298,99.972229,0.99954492,0,0,1.00053906,0.86463988,1,1,0,0,0,60.0002861
589, 10/26/2021, 09:08:48," ""...""",99.99637604,100.0460129,99.97257996,0.99957263,0,0,1.00056601,0.49764267,1,1,0,0,0,60.00004578
588, 10/26/2021, 09:08:51," ""...""",99.99649811,100.0466538,99.97229767,0.99956113,0,0,1.00053895,0.49760655,1,1,0,0,0,60.00005722
587, 10/26/2021, 09:08:54," ""...""",99.99690247,100.0466614,99.97207642,0.99959069,0,0,1.00056875,-0.00272751,1,1,0,0,0,59.99993896
586, 10/26/2021, 09:08:57," ""...""",99.99645233,100.0466309,99.9718399,0.99960518,0,0,1.00057793,-0.00262078,1,1,0,0,0,60.00003815
585, 10/26/2021, 09:09:00," ""...""",99.99596405,100.0459824,99.97157288,0.9996407,0,0,1.00060558,-0.50238878,1,1,0,0,0,60.00004959
584, 10/26/2021, 09:09:03," ""...""",99.99594879,100.0460663,99.97200775,0.99962264,0,0,1.00059998,-0.50241506,1,1,0,0,0,60.00003815
583, 10/26/2021, 09:09:06," ""...""",99.99645233,100.0462952,99.97216797,0.9996627,0,0,1.00061059,-0.86738545,1,1,0,0,0,60.00016403
582, 10/26/2021, 09:09:09," ""...""",99.99635315,100.0465164,99.97224426,0.99964309,0,0,1.00060499,-0.86739105,1,1,0,0,0,60.00017548
581, 10/26/2021, 09:09:12," ""...""",99.99731445,100.0479813,99.97306061,0.99965948,0,0,1.00060642,-0.9999966,1,1,0,0,0,60.00000763
580, 10/26/2021, 09:09:15," ""...""",99.99693298,100.0473023,99.97299194,0.99966872,0,0,1.00062072,-0.99999654,1,1,0,0,0,60.00000763
579, 10/26/2021, 09:09:18," ""...""",99.99668121,100.04776,99.97335815,0.99964911,0,0,1.00061297,-0.86467201,1,1,0,0,0,60.00011444
578, 10/26/2021, 09:09:21," ""...""",99.99669647,100.0470047,99.97303772,0.99965847,0,0,1.0006237,-0.86465913,1,1,0,0,0,60.0000267
577, 10/26/2021, 09:09:24," ""...""",99.99707031,100.047432,99.97303772,0.99962461,0,0,1.00057983,-0.49775791,1,1,0.03125,0,0,60.00000763
576, 10/26/2021, 09:09:27," ""...""",99.9970932,100.047699,99.97357178,0.99962974,0,0,1.00060046,-0.49770775,1,1,0,0,0,60.0000267
575, 10/26/2021, 09:09:30," ""...""",99.99603271,100.046875,99.97249603,0.99960685,0,0,1.00057542,0.00266565,1,1,0,0,0,60.0000267
574, 10/26/2021, 09:09:33," ""...""",99.99687195,100.0476303,99.97330475,0.99959475,0,0,1.00057411,0.0025144,1,1,0,0,0,59.99996185
573, 10/26/2021, 09:09:36," ""...""",99.99575043,100.0468674,99.97219849,0.9995513,0,0,1.000543,0.50230068,1,1,0,0,0,60.00001907
572, 10/26/2021, 09:09:39," ""...""",99.99584961,100.0464554,99.97216797,0.99957299,0,0,1.00055623,0.50235486,1,1,0,0,0,60.00012207
571, 10/26/2021, 09:09:42," ""...""",99.99622345,100.0471573,99.97251129,0.99953276,0,0,1.00052941,0.86732656,1,1,0,0,0,60.00004959
570, 10/26/2021, 09:09:45," ""...""",99.99685669,100.0474091,99.97304535,0.99954599,0,0,1.00054157,0.86736482,1,1,0,0,0,60.00000381
569, 10/26/2021, 09:09:48," ""...""",0,0,0,0.00128566,0,0,0.00106388,1,1,1,0,0,0,60
568, 10/26/2021, 09:09:51," ""...""",0,0,0,0,0,0,0,1,1,1,0,0,0,60
567, 10/26/2021, 09:09:54," ""...""",0,0,0,0,0,0,0,1,1,1,0,0,0,60
566, 10/26/2021, 09:09:57," ""...""",149.9844055,150.0649109,149.9505005,0.99950278,0,0,1.00051928,0.9999963,1,1,0,0,0,59.99998474
565, 10/26/2021, 09:10:00," ""...""",149.9897919,150.0701141,149.9564667,0.99949157,0,0,1.00050437,0.99999648,1,1,0,0,0,60.00004578
564, 10/26/2021, 09:10:03," ""...""",149.9911194,150.0714874,149.9573212,0.99951094,0,0,1.00051713,0.8646754,1,1,0,0,0,60.00001144
563, 10/26/2021, 09:10:06," ""...""",149.9916382,150.0713043,149.9580841,0.99950916,0,0,1.00050855,0.86466122,1,1,0,0,0,60.00008774
562, 10/26/2021, 09:10:09," ""...""",149.9923706,150.072052,149.9588318,0.99954677,0,0,1.00054872,0.49752569,1,1,0,0,0,60
561, 10/26/2021, 09:10:12," ""...""",149.9927673,150.0724793,149.9596863,0.99954504,0,0,1.00053394,0.49757183,1,1,0,0,0,59.99991989
560, 10/26/2021, 09:10:15," ""...""",149.9930115,150.0721283,149.9598236,0.99959034,0,0,1.00057089,-0.00283098,1,1,0,0,0,60.00003052
559, 10/26/2021, 09:10:18," ""...""",149.993042,150.0729065,149.9597778,0.9995997,0,0,1.00059199,-0.00276736,1,1,0,0,0,60.00001907
558, 10/26/2021, 09:10:21," ""...""",149.9925079,150.0721436,149.9594116,0.99963206,0,0,1.00059903,-0.50238115,1,1,0,0,0,60
557, 10/26/2021, 09:10:24," ""...""",149.9921722,150.0722656,149.9602966,0.99964672,0,0,1.00061285,-0.50231916,1,1,0,0,0,60.00001907
556, 10/26/2021, 09:10:27," ""...""",149.9919586,150.0722199,149.9593201,0.99966669,0,0,1.00062764,-0.86740643,1,1,0,0,0,60.00003052
555, 10/26/2021, 09:10:30," ""...""",149.9922791,150.0720673,149.9602661,0.99966562,0,0,1.00061965,-0.8673957,1,1,0,0,0,60.00001907
554, 10/26/2021, 09:10:33," ""...""",149.9934235,150.0731049,149.9616394,0.99967945,0,0,1.00060737,-0.9999966,1,1,0,0,0,60.00002289
553, 10/26/2021, 09:10:36," ""...""",149.9927673,150.0729828,149.9604187,0.99970233,0,0,1.00063777,-0.99999648,1,1,0,0,0,60.00003052
552, 10/26/2021, 09:10:39," ""...""",149.9933319,150.07341,149.9614258,0.99967486,0,0,1.00063038,-0.86474645,1,1,0,0,0,60.00002289
551, 10/26/2021, 09:10:42," ""...""",149.9930267,150.0736694,149.9609375,0.99966228,0,0,1.00062144,-0.86475211,1,1,0,0,0,60.00004959
550, 10/26/2021, 09:10:45," ""...""",149.9932556,150.0740814,149.9620819,0.9996621,0,0,1.00060725,-0.49772248,1,1,0,0,0,60.00003052
549, 10/26/2021, 09:10:48," ""...""",149.9932709,150.0739899,149.9615021,0.9996379,0,0,1.00060213,-0.49766904,1,1,0,0,0,59.99982834
548, 10/26/2021, 09:10:51," ""...""",149.9929199,150.0741577,149.9620056,0.99958956,0,0,1.00056386,0.00262601,1,1,0,0,0,59.99983597
547, 10/26/2021, 09:10:54," ""...""",149.9924927,150.0739288,149.9616852,0.99958527,0,0,1.00056362,0.00265866,1,1,0,0,0,60.00003815
546, 10/26/2021, 09:10:57," ""...""",149.9918213,150.0732269,149.9611054,0.99956435,0,0,1.00054288,0.50214541,1,1,0,0,0,60.00003433
545, 10/26/2021, 09:11:00," ""...""",149.9924164,150.0734558,149.9610291,0.99954087,0,0,1.00052834,0.50215262,1,1,0,0,0,60.00004196
544, 10/26/2021, 09:11:03," ""...""",149.9919434,150.0727081,149.9607239,0.999524,0,0,1.00052977,0.86737156,1,1,0,0,0,59.99990082
543, 10/26/2021, 09:11:06," ""...""",149.9926453,150.0731506,149.9615173,0.9995116,0,0,1.00052464,0.8673752,1,1,0,0,0,60.00004196
542, 10/26/2021, 09:11:09," ""...""",0,0,0,0.0033243,0,0,0.00341566,1,1,1,0,0,0,59.9998436
541, 10/26/2021, 09:11:12," ""...""",0,0,0,0,0,0,0,1,1,1,0,0,0,60
540, 10/26/2021, 09:11:15," ""...""",0,0,0,0,0,0,0,1,1,1,0,0,0,60
539, 10/26/2021, 09:11:18," ""...""",0,0,0,0,0,0,0,1,1,1,0,0,0,60
538, 10/26/2021, 09:11:21," ""...""",0,0,0,0,0,0,0,1,1,1,0,0,0,60
537, 10/26/2021, 09:11:24," ""...""",0,0,0,0,0,0,0,1,1,1,0,0,0,60
536, 10/26/2021, 09:11:27," ""...""",0,0,0,0,0,0,0,1,1,1,0,0,0,60
535, 10/26/2021, 09:11:30," ""...""",0,0,0,0,0,0,0,1,1,1,0,0,0,60
534, 10/26/2021, 09:11:33," ""...""",0,0,0,0,0,0,0,1,1,1,0,0,0,60
533, 10/26/2021, 09:11:36," ""...""",0,0,0,0,0,0,0,1,1,1,0,0,0,60
532, 10/26/2021, 09:11:39," ""...""",0,0,0,0,0,0,0,1,1,1,0,0,0,60
531, 10/26/2021, 09:11:42," ""...""",0,0,0,0,0,0,0,1,1,1,0,0,0,60
530, 10/26/2021, 09:11:45," ""...""",24.99554825,25.00948906,25.00235558,0,0,0,0,1,1,1,0,0,0,60.00000381
529, 10/26/2021, 09:11:48," ""...""",24.99529457,25.00876045,25.00192833,0,0,0,0,1,1,1,0,0,0,60.00001144
528, 10/26/2021, 09:11:51," ""...""",0,0,0,0,0,0,0,1,1,1,0,0,0,59.99966431
527, 10/26/2021, 09:11:54," ""...""",49.98920059,50.01699066,50.00167465,0,0,0,0,1,1,1,0,0,0,60.00000763
526, 10/26/2021, 09:11:57," ""...""",49.98988724,50.01726151,50.00228882,0,0,0,0,1,1,1,0,0,0,59.99990082
525, 10/26/2021, 09:12:00," ""...""",0,0,0,0,0,0,0,1,1,1,0,0,0,60
524, 10/26/2021, 09:12:03," ""...""",74.98581696,75.02645111,75.00070953,0,0,0,0,1,1,1,0,0,0,59.9999733
523, 10/26/2021, 09:12:06," ""...""",74.98789215,75.02746582,75.00333405,0,0,0,0,1,1,1,0,0,0,60.00000381
522, 10/26/2021, 09:12:09," ""...""",0,0,0,0,0,0,0,1,1,1,0,0,0,60
521, 10/26/2021, 09:12:12," ""...""",99.98126221,100.0348053,100.0042343,0,0,0,0,1,1,1,0,0,0,60.00011063
520, 10/26/2021, 09:12:15," ""...""",99.98496246,100.0365143,100.0082016,0,0,0,0,1,1,1,0,0,0,60.00001907
519, 10/26/2021, 09:12:18," ""...""",0,0,0,0,0,0,0,1,1,1,0,0,0,60
518, 10/26/2021, 09:12:21," ""...""",124.9810104,125.0436401,125.0079498,0,0,0,0,1,1,1,0,0,0,60.00022507
517, 10/26/2021, 09:12:24," ""...""",124.9896088,125.0488281,125.0164795,0,0,0,0,1,1,1,0,0,0,60.0002327
516, 10/26/2021, 09:12:27," ""...""",0,0,0,0,0,0,0,1,1,1,0,0,0,60
515, 10/26/2021, 09:12:30," ""...""",149.9795685,150.0531311,150.0092316,0,0,0,0,1,1,1,0,0,0,60.00002289
514, 10/26/2021, 09:12:33," ""...""",149.9933167,150.0609741,150.023819,0,0,0,0,1,1,1,0,0,0,60.00004959
513, 10/26/2021, 09:12:36," ""...""",0,0,0,0,0,0,0,1,1,1,0,0,0,60
512, 10/26/2021, 09:12:39," ""...""",0,0,0,0,0,0,0,1,1,1,0,0,0,60
511, 10/26/2021, 09:12:42," ""...""",0,0,0,0,0,0,0,1,1,1,0,0,0,60
510, 10/26/2021, 09:12:45," ""...""",0,0,0,0.00075895,0,0,0.00076874,1,1,1,0,0,0,60
509, 10/26/2021, 09:12:48," ""...""",4.99988031,5.00201321,5.00217533,0.9995845,0,0,1.00056243,0.99999332,1,1,0,0,0,60
508, 10/26/2021, 09:12:51," ""...""",4.99964142,5.00204182,5.00161839,0.99956149,0,0,1.00053823,0.99999195,1,1,0,0,0,60
507, 10/26/2021, 09:12:54," ""...""",5.00003242,5.00281858,5.00234652,0.9995634,0,0,1.00055325,0.86419696,1,1,0,0,0,60
506, 10/26/2021, 09:12:57," ""...""",5.00019932,5.00232983,5.0016613,0.99957764,0,0,1.000561,0.86402655,1,1,0,0,0,60
505, 10/26/2021, 09:13:00," ""...""",4.99995852,5.0023737,5.0022583,0.99958193,0,0,1.00056279,0.4963468,1,1,0,0,0,60
504, 10/26/2021, 09:13:03," ""...""",5.00053692,5.00274897,5.00200367,0.9995566,0,0,1.00053632,0.49598977,1,1,0,0,0,60
503, 10/26/2021, 09:13:06," ""...""",4.99998999,5.002491,5.00194263,0.99957114,0,0,1.00055623,-0.00367734,1,1,0,0,0,60
502, 10/26/2021, 09:13:09," ""...""",5.00056267,5.00258875,5.00229549,0.99958742,0,0,1.00055003,-0.00366142,1,1,0,0,0,60
501, 10/26/2021, 09:13:12," ""...""",5.00006437,5.00273228,5.00194597,0.99958813,0,0,1.00056767,-0.50291562,1,1,0,0,0,60
500, 10/26/2021, 09:13:15," ""...""",5.00017786,5.00258589,5.00204515,0.99959487,0,0,1.00056422,-0.50344759,1,1,0,0,0,60
499, 10/26/2021, 09:13:18," ""...""",4.99967241,5.00211287,5.00157404,0.9996053,0,0,1.00059712,-0.86821753,1,1,0,0,0,60
498, 10/26/2021, 09:13:21," ""...""",4.99997187,5.00241232,5.00243807,0.99959463,0,0,1.00056815,-0.86759245,1,1,0,0,0,60
497, 10/26/2021, 09:13:24," ""...""",4.99969482,5.00240326,5.00192785,0.99962485,0,0,1.00061584,-0.99999374,1,1,0,0,0,60
496, 10/26/2021, 09:13:27," ""...""",4.99968576,5.00212526,5.00189257,0.99961543,0,0,1.00059485,-0.99999595,1,1,0,0,0,60
495, 10/26/2021, 09:13:30," ""...""",4.99951601,5.00226688,5.00188065,0.99962169,0,0,1.00060141,-0.86387467,1,1,0,0,0,60
494, 10/26/2021, 09:13:33," ""...""",4.99956799,5.00214577,5.00157309,0.99961597,0,0,1.00059152,-0.86386055,1,1,0,0,0,60
493, 10/26/2021, 09:13:36," ""...""",4.9994626,5.00272274,5.00195408,0.99961191,0,0,1.0005815,-0.49764326,1,1,0,0,0,60
492, 10/26/2021, 09:13:39," ""...""",4.99961185,5.00221252,5.00145864,0.99958825,0,0,1.00057507,-0.49730837,1,1,0,0,0,60
491, 10/26/2021, 09:13:42," ""...""",4.99947786,5.00231647,5.00167418,0.99960279,0,0,1.0005796,0.00338856,1,1,0.03125,0,0,60
490, 10/26/2021, 09:13:45," ""...""",4.99882412,5.00195074,5.00141096,0.99957502,0,0,1.00056124,0.00289171,1,1,0,0,0,60
489, 10/26/2021, 09:13:48," ""...""",4.99881887,5.00170994,5.00121593,0.99957335,0,0,1.00055933,0.50362909,1,1,0,0,0,60
488, 10/26/2021, 09:13:51," ""...""",4.99944687,5.00241947,5.00192881,0.99956787,0,0,1.00055897,0.50391835,1,1,0,0,0,60
487, 10/26/2021, 09:13:54," ""...""",4.99913263,5.00211859,5.00171041,0.99957341,0,0,1.00055587,0.86754781,1,1,0,0,0,60
486, 10/26/2021, 09:13:57," ""...""",4.99965668,5.00173664,5.00198269,0.99958646,0,0,1.00056791,0.86764765,1,1,0,0,0,60
485, 10/26/2021, 09:14:00," ""...""",0,0,0,0.00154313,0,0,0.00158898,1,1,1,0,0,0,60
484, 10/26/2021, 09:14:03," ""...""",0,0,0,0,0,0,0,1,1,1,0,0,0,60
483, 10/26/2021, 09:14:06," ""...""",0,0,0,0,0,0,0,1,1,1,0,0,0,60
482, 10/26/2021, 09:14:09," ""...""",49.99875641,50.02300262,50.01517105,0.99960047,0,0,1.00028241,0.99999559,1,1,0,0,0,60.00000381
481, 10/26/2021, 09:14:12," ""...""",49.9996109,50.02369308,50.01595306,0.99946058,0,0,1.00044,0.99999619,1,1,0,0,0,60.00014877
480, 10/26/2021, 09:14:15," ""...""",50.00061035,50.02383423,50.01637268,0.99948704,0,0,1.00047863,0.86463326,1,1,0,0,0,60.00001526
479, 10/26/2021, 09:14:18," ""...""",49.99999237,50.02417755,50.01615906,0.99946916,0,0,1.00046086,0.86454892,1,1,0,0,0,59.99980545
478, 10/26/2021, 09:14:21," ""...""",50.00026703,50.02361679,50.01658249,0.99954003,0,0,1.00052917,0.49747577,1,1,0,0,0,59.99998856
477, 10/26/2021, 09:14:24," ""...""",49.99956512,50.02342224,50.01592636,0.99951243,0,0,1.00050402,0.49732205,1,1,0,0,0,60.00001526
476, 10/26/2021, 09:14:27," ""...""",50.00038528,50.0241127,50.01647568,0.99960905,0,0,1.0005821,-0.00300782,1,1,0,0,0,59.99989319
475, 10/26/2021, 09:14:30," ""...""",50.00043488,50.02352142,50.01637268,0.99959141,0,0,1.00057054,-0.00296142,1,1,0,0,0,59.99998474
474, 10/26/2021, 09:14:33," ""...""",49.99990845,50.02374268,50.01584625,0.99964797,0,0,1.00062871,-0.50251418,1,1,0,0,0,60.00012207
473, 10/26/2021, 09:14:36," ""...""",50.00089264,50.02442932,50.01658249,0.9996562,0,0,1.00062299,-0.50251174,1,1,0,0,0,60.0000267
472, 10/26/2021, 09:14:39," ""...""",49.99977493,50.02385712,50.01641846,0.99971622,0,0,1.00067616,-0.86747205,1,1,0,0,0,59.99978638
471, 10/26/2021, 09:14:42," ""...""",49.99967194,50.02399826,50.01691818,0.99969864,0,0,1.00066543,-0.86752111,1,1,0,0,0,60.00006866
470, 10/26/2021, 09:14:45," ""...""",50.00005341,50.02380753,50.0165062,0.99971861,0,0,1.00068986,-0.99999613,1,1,0,0,0,59.99998474
469, 10/26/2021, 09:14:48," ""...""",50.00033569,50.02437973,50.01675415,0.99972934,0,0,1.00068414,-0.99999595,1,1,0,0,0,60.00014114
468, 10/26/2021, 09:14:51," ""...""",49.99946976,50.02328491,50.0161705,0.99970651,0,0,1.00066245,-0.86467004,1,1,0,0,0,59.99983978
467, 10/26/2021, 09:14:54," ""...""",49.99971008,50.02310562,50.0163765,0.9997195,0,0,1.00068378,-0.86464024,1,1,0,0,0,60.00006866
466, 10/26/2021, 09:14:57," ""...""",49.99962234,50.02334595,50.01607895,0.99966758,0,0,1.00063407,-0.49767476,1,1,0,0,0,59.99994278
465, 10/26/2021, 09:15:00," ""...""",49.99997711,50.02396774,50.01638794,0.99966639,0,0,1.00062573,-0.49763826,1,1,0,0,0,60.00005722
464, 10/26/2021, 09:15:03," ""...""",49.99924088,50.02318954,50.01603317,0.99958515,0,0,1.00056231,0.00266869,1,1,0,0,0,60.00028992
463, 10/26/2021, 09:15:06," ""...""",49.99999237,50.02388763,50.0165329,0.99960452,0,0,1.0005635,0.00270153,1,1,0,0,0,60.00003433
462, 10/26/2021, 09:15:09," ""...""",49.99936676,50.02316284,50.01601791,0.99953127,0,0,1.00052357,0.50234836,1,1,0,0,0,59.99998474
461, 10/26/2021, 09:15:12," ""...""",49.99962997,50.02342987,50.01604843,0.99954069,0,0,1.00053358,0.50237298,1,1,0,0,0,60.00001526
460, 10/26/2021, 09:15:15," ""...""",49.9998703,50.02362061,50.01621246,0.99947977,0,0,1.00046933,0.86744839,1,1,0,0,0,59.99979019
459, 10/26/2021, 09:15:18," ""...""",49.99981689,50.02340698,50.01660156,0.99949974,0,0,1.00049734,0.86739618,1,1,0,0,0,60.00006866
458, 10/26/2021, 09:15:21," ""...""",0,0,0,0.00464105,0,0,0.0047015,1,1,1,0,0,0,59.98590851
457, 10/26/2021, 09:15:24," ""...""",0,0,0,0,0,0,0,1,1,1,0,0,0,60
456, 10/26/2021, 09:15:27," ""...""",0,0,0,0,0,0,0,1,1,1,0,0,0,60
455, 10/26/2021, 09:15:30," ""...""",0,0,0,0,0,0,0,1,1,1,0,0,0,60
454, 10/26/2021, 09:15:33," ""...""",99.98562622,100.0364304,100.0072937,0.99947613,0,0,1.00046456,0.99999571,1,1,0,0,0,60.00005722
453, 10/26/2021, 09:15:36," ""...""",99.98853302,100.0387116,100.0103912,0.99947888,0,0,1.00047791,0.99999577,1,1,0,0,0,59.99979019
452, 10/26/2021, 09:15:39," ""...""",99.98915863,100.0390091,100.0112686,0.9994995,0,0,1.00049579,0.86451846,1,1,0,0,0,60.00022888
451, 10/26/2021, 09:15:42," ""...""",99.98899078,100.0381165,100.0105667,0.99947,0,0,1.00046563,0.86457658,1,1,0,0,0,60.00002289
450, 10/26/2021, 09:15:45," ""...""",99.98956299,100.0389633,100.0115814,0.99952441,0,0,1.00052261,0.4975422,1,1,0,0,0,60.00002289
449, 10/26/2021, 09:15:48," ""...""",99.98921967,100.0389481,100.0115585,0.99953854,0,0,1.00053,0.49745825,1,1,0,0,0,60.00006866
448, 10/26/2021, 09:15:51," ""...""",99.99042511,100.0397415,100.0128326,0.99958432,0,0,1.0005784,-0.00297502,1,1,0,0,0,60.00007629
447, 10/26/2021, 09:15:54," ""...""",99.99048615,100.0397644,100.0129623,0.99959213,0,0,1.00057602,-0.00297258,1,1,0,0,0,60.00009155
446, 10/26/2021, 09:15:57," ""...""",99.99108124,100.0394669,100.0130844,0.99966836,0,0,1.00064623,-0.50263059,1,1,0,0,0,60.00004959
445, 10/26/2021, 09:16:00," ""...""",99.99104309,100.0398712,100.01371,0.99967051,0,0,1.00064766,-0.50256109,1,1,0,0,0,60.00006104
444, 10/26/2021, 09:16:03," ""...""",99.99004364,100.0397339,100.0128403,0.99970293,0,0,1.0006789,-0.86744815,1,1,0,0,0,60.00006485
443, 10/26/2021, 09:16:06," ""...""",99.99084473,100.039772,100.0130158,0.9997049,0,0,1.00067246,-0.86747122,1,1,0,0,0,60.00006485
442, 10/26/2021, 09:16:09," ""...""",99.99028778,100.0394211,100.0128174,0.99972475,0,0,1.00069499,-0.99999595,1,1,0,0,0,60.00008011
441, 10/26/2021, 09:16:12," ""...""",99.99059296,100.0399399,100.0129623,0.99972188,0,0,1.00070131,-0.99999595,1,1,0,0,0,60.00006866
440, 10/26/2021, 09:16:15," ""...""",99.98994446,100.0393753,100.0135574,0.99971181,0,0,1.00068426,-0.86461848,1,1,0,0,0,60.00003052
439, 10/26/2021, 09:16:18," ""...""",99.98939514,100.0384445,100.0132599,0.99970382,0,0,1.00065494,-0.86464053,1,1,0,0,0,59.99995804
438, 10/26/2021, 09:16:21," ""...""",99.9900589,100.039505,100.0131989,0.99966258,0,0,1.00062478,-0.49764925,1,1,0,0,0,60.00004578
437, 10/26/2021, 09:16:24," ""...""",99.98931885,100.0392532,100.0132141,0.99965358,0,0,1.00063121,-0.49767008,1,1,0,0,0,60.00003052
436, 10/26/2021, 09:16:27," ""...""",99.99066925,100.0397186,100.0136643,0.99956673,0,0,1.0005455,0.0027419,1,1,0,0,0,60.00004578
435, 10/26/2021, 09:16:30," ""...""",99.99016571,100.0394363,100.0140533,0.99959403,0,0,1.00057888,0.00261505,1,1,0,0,0,60.00008774
434, 10/26/2021, 09:16:33," ""...""",99.99073029,100.038765,100.0140305,0.99950892,0,0,1.00050604,0.5024209,1,1,0,0,0,60.00004578
433, 10/26/2021, 09:16:36," ""...""",99.99047089,100.0392838,100.0137329,0.99953079,0,0,1.00050664,0.50237608,1,1,0,0,0,60.00006104
432, 10/26/2021, 09:16:39," ""...""",99.9907608,100.0393982,100.0134201,0.99946988,0,0,1.00045967,0.86736578,1,1,0,0,0,60.00003433
431, 10/26/2021, 09:16:42," ""...""",99.99053192,100.039505,100.0142593,0.99950558,0,0,1.0004859,0.86740857,1,1,0,0,0,60.00003052
430, 10/26/2021, 09:16:45," ""...""",0,0,0,0.00131409,0,0,0.00134225,1,1,1,0,0,0,60
429, 10/26/2021, 09:16:48," ""...""",0,0,0,0,0,0,0,1,1,1,0,0,0,60
428, 10/26/2021, 09:16:51," ""...""",0,0,0,0,0,0,0,1,1,1,0,0,0,60
427, 10/26/2021, 09:16:54," ""...""",149.9792633,150.0513153,150.0072937,0.99951893,0,0,1.00040865,0.99999589,1,1,0.03125,0,0,59.99987411
426, 10/26/2021, 09:16:57," ""...""",149.9910736,150.057663,150.0197754,0.9994024,0,0,1.00038362,0.99999583,1,1,0.03125,0,0,60.00025558
425, 10/26/2021, 09:17:00," ""...""",149.9973297,150.0629273,150.0272827,0.99943727,0,0,1.00041795,0.86452508,1,1,0,0,0,60.00012589
424, 10/26/2021, 09:17:03," ""...""",150.0010529,150.0644989,150.0307312,0.99940795,0,0,1.0004046,0.86456978,1,1,0,0,0,60.00005341
423, 10/26/2021, 09:17:06," ""...""",150.0038605,150.0669251,150.0336609,0.99949908,0,0,1.00049019,0.49738866,1,1,0,0,0,60.00005341
422, 10/26/2021, 09:17:09," ""...""",150.0041504,150.0670471,150.0346222,0.99950385,0,0,1.00049198,0.49738693,1,1,0,0,0,60.00005722
421, 10/26/2021, 09:17:12," ""...""",150.0054321,150.0679321,150.0361939,0.99958432,0,0,1.00057411,-0.00296122,1,1,0,0,0,60.00006866
420, 10/26/2021, 09:17:15," ""...""",150.0056152,150.0688019,150.0375214,0.99960619,0,0,1.00059521,-0.00297763,1,1,0,0,0,60.00000763
419, 10/26/2021, 09:17:18," ""...""",150.0047913,150.067627,150.0367279,0.9996931,0,0,1.00065958,-0.50258261,1,1,0,0,0,60.00003815
418, 10/26/2021, 09:17:21," ""...""",150.0053711,150.0678558,150.0374146,0.99968338,0,0,1.00065494,-0.50251746,1,1,0,0,0,60.00004578
417, 10/26/2021, 09:17:24," ""...""",150.0057678,150.0687866,150.0387726,0.99975502,0,0,1.00072169,-0.8674801,1,1,0,0,0,60.00005341
416, 10/26/2021, 09:17:27," ""...""",150.0051727,150.0687408,150.0392304,0.99975324,0,0,1.00072241,-0.86747932,1,1,0,0,0,59.99983215
415, 10/26/2021, 09:17:30," ""...""",150.0061646,150.0700836,150.0399017,0.99977368,0,0,1.00073457,-0.99999607,1,1,0,0,0,60.00017166
414, 10/26/2021, 09:17:33," ""...""",150.0063629,150.0697937,150.0400848,0.99978787,0,0,1.00074601,-0.99999601,1,1,0,0,0,60.00011444
413, 10/26/2021, 09:17:36," ""...""",150.0062103,150.0699158,150.0403748,0.99974686,0,0,1.00070846,-0.86463952,1,1,0,0,0,60.00025177
412, 10/26/2021, 09:17:39," ""...""",150.0067596,150.0704346,150.0407257,0.99974841,0,0,1.00070202,-0.86464208,1,1,0,0,0,60.00001907
411, 10/26/2021, 09:17:42," ""...""",150.0068207,150.0704956,150.0418854,0.99969083,0,0,1.00065565,-0.49761763,1,1,0,0,0,60.00003433
410, 10/26/2021, 09:17:45," ""...""",150.006897,150.070221,150.0419617,0.99966651,0,0,1.00062573,-0.49768159,1,1,0,0,0,60.00004959
409, 10/26/2021, 09:17:48," ""...""",150.0064545,150.0699921,150.0420837,0.99956572,0,0,1.00054777,0.00260018,1,1,0,0,0,60.00003052
408, 10/26/2021, 09:17:51," ""...""",150.006546,150.0704498,150.0420837,0.99959451,0,0,1.0005846,0.00266777,1,1,0,0,0,60.00006104
407, 10/26/2021, 09:17:54," ""...""",150.0061493,150.0693512,150.0413361,0.99950463,0,0,1.00049591,0.5023725,1,1,0,0,0,59.99999237
406, 10/26/2021, 09:17:57," ""...""",150.0059052,150.068985,150.0409241,0.99949491,0,0,1.0004791,0.50236666,1,1,0,0,0,60.00003433
405, 10/26/2021, 09:18:00," ""...""",150.0058746,150.0691376,150.0412293,0.99942893,0,0,1.0004251,0.86742991,1,1,0,0,0,60.00004196
404, 10/26/2021, 09:18:03," ""...""",150.0062408,150.0695038,150.0419006,0.99942905,0,0,1.00042844,0.86737287,1,1,0,0,0,59.99982071
403, 10/26/2021, 09:18:06," ""...""",0,0,0,0.00307129,0,0,0.00312094,1,1,1,0,0,0,59.99993134
402, 10/26/2021, 09:18:09," ""...""",0,0,0,0,0,0,0,1,1,1,0,0,0,60
401, 10/26/2021, 09:18:12," ""...""",0,0,0,0,0,0,0,1,1,1,0,0,0,60
400, 10/26/2021, 09:18:15," ""...""",0,0,0,0,0,0,0,1,1,1,0,0,0,60
399, 10/26/2021, 09:18:18," ""...""",0,0,0,0,0,0,0,1,1,1,0,0,0,60
398, 10/26/2021, 09:18:21," ""...""",0,0,0,0,0,0,0,1,1,1,0,0,0,60
397, 10/26/2021, 09:18:24," ""...""",0,0,0,0,0,0,0,1,1,1,0,0,0,60
396, 10/26/2021, 09:18:27," ""...""",0,0,0,0,0,0,0,1,1,1,0,0,0,60
395, 10/26/2021, 09:18:30," ""...""",0,0,0,0,0,0,0,1,1,1,0,0,0,60
394, 10/26/2021, 09:18:33," ""...""",0,0,0,0,0,0,0,1,1,1,0,0,0,60
393, 10/26/2021, 09:18:36," ""...""",0,0,0,0,0,0,0,1,1,1,0,0,0,60
392, 10/26/2021, 09:18:39," ""...""",0,0,0,0,0,0,0,1,1,1,0,0,0,60
391, 10/26/2021, 09:18:42," ""...""",0,0,0,0.00076773,0,0,0.00199027,1,1,1,0,0,0,60
390, 10/26/2021, 09:18:45," ""...""",0,0,0,0.00074995,0,0,0.00199639,1,1,1,0,0,0,60
389, 10/26/2021, 09:18:48," ""...""",0,0,0,0,0,0,0.00196446,1,1,1,0,0,0,60
388, 10/26/2021, 09:18:51," ""...""",0,0,0,0.99970096,0,0,2.99867129,1,1,1,0,0,0,60
387, 10/26/2021, 09:18:54," ""...""",0,0,0,0.99954438,0.99976325,0.99992841,2.99905729,1,1,1,0,0,0,60
386, 10/26/2021, 09:18:57," ""...""",0,0,0,0.00471674,0.00443505,0.00420509,0.01321249,1,1,1,0,0,0,60
385, 10/26/2021, 09:19:00," ""...""",0,0,0,1.99954879,1.99969709,1.99981713,5.9989872,1,1,1,0,0,0,60
384, 10/26/2021, 09:19:03," ""...""",0,0,0,1.9992882,1.99965429,1.99983561,5.99886656,1,1,1,0,0,0,60
383, 10/26/2021, 09:19:06," ""...""",0,0,0,0.00894192,0.00855316,0.00826923,0.0252703,1,1,1,0,0,0,60
382, 10/26/2021, 09:19:09," ""...""",0,0,0,3.00015783,3.0054965,2.99356961,8.99765968,1,1,1,0,0,0,60
381, 10/26/2021, 09:19:12," ""...""",0,0,0,2.9996841,3.00010562,3.0006249,8.99904919,1,1,1,0,0,0,60
380, 10/26/2021, 09:19:15," ""...""",0,0,0,0.0133945,0.01287101,0.01291823,0.03850791,1,1,1,0,0,0,60
379, 10/26/2021, 09:19:18," ""...""",0,0,0,4.00028324,0,4.0009284,11.99911022,1,1,1,0,0,0,60
378, 10/26/2021, 09:19:21," ""...""",0,0,0,3.99983239,4.0005393,4.00104141,11.99889851,1,1,1,0,0,0,60
377, 10/26/2021, 09:19:24," ""...""",0,0,0,0.01704195,0.01648922,0.01658854,0.04881464,1,1,1,0,0,0,60
376, 10/26/2021, 09:19:27," ""...""",0,0,0,5.00094318,5.00989246,4.98956347,14.99652863,1,1,1,0,0,0,60
375, 10/26/2021, 09:19:30," ""...""",0,0,0,5.00021648,5.00087261,5.00139332,14.99898911,1,1,1,0,0,0,60
374, 10/26/2021, 09:19:33," ""...""",0,0,0,0.02119076,0.02042683,0.02079851,0.06119524,1,1,1,0,0,0,60
373, 10/26/2021, 09:19:36," ""...""",0,0,0,6.00098228,6.00084639,6.00154018,17.99911308,1,1,1,0,0,0,60
372, 10/26/2021, 09:19:39," ""...""",0,0,0,6.00031948,6.00083113,6.00179672,17.99846268,1,1,1,0,0,0,60
371, 10/26/2021, 09:19:42," ""...""",0,0,0,0.02496862,0.02475515,0.02536132,0.07387827,1,1,1,0,0,0,60
370, 10/26/2021, 09:19:45," ""...""",0,0,0,0.00395654,0.00438153,0.00375615,0.0117195,1,1,1,0,0,0,60
369, 10/26/2021, 09:19:48," ""...""",0,0,0,0,0,0.00091074,0.00210754,1,1,1,0,0,0,60
368, 10/26/2021, 09:19:51," ""...""",0,0,0,0.00078033,0,0.00083101,0.00205247,1,1,1,0,0,0,60
367, 10/26/2021, 09:19:54," ""...""",99.99501038,0,0,0.99952185,0.99975497,0.99992061,2.99902391,0.99999624,1,1,0,0,0,59.99998474
366, 10/26/2021, 09:19:57," ""...""",99.99593353,0,0,0.99951518,0.99975187,0.99992359,2.99900603,0.99999607,1,1,0,0,0,60.00007629
365, 10/26/2021, 09:20:00," ""...""",99.99531555,0,0,0.99955136,0.9997682,0.99998003,2.99912429,0.86745864,1,1,0,0,0,60.00003052
364, 10/26/2021, 09:20:03," ""...""",99.99516296,0,0,0.99955106,0.99979091,0.99998516,2.99915576,0.86747986,1,1,0,0,0,60.00012207
363, 10/26/2021, 09:20:06," ""...""",99.99505615,0,0,0.99953222,0.99975401,0.99993998,2.99904943,0.50240582,1,1,0,0,0,59.99986649
362, 10/26/2021, 09:20:09," ""...""",99.99555206,0,0,0.99953574,0.99974602,0.9999519,2.99905658,0.50240028,1,1,0,0,0,60.00001144
361, 10/26/2021, 09:20:12," ""...""",99.99551392,0,0,0.99952054,0.99975908,0.99992168,2.99901748,0.00269037,1,1,0,0,0,60.00002289
360, 10/26/2021, 09:20:15," ""...""",99.99501038,0,0,0.99954122,0.99972934,0.99989927,2.9989872,0.00277053,1,1,0,0,0,60.00009537
359, 10/26/2021, 09:20:18," ""...""",99.99530029,0,0,0.99959677,0.99978501,0.99996501,2.99914432,-0.49757248,1,1,0,0,0,60.00003433
358, 10/26/2021, 09:20:21," ""...""",99.9949646,0,0,0.99960792,0.99977702,0.99992764,2.99915004,-0.49759263,1,1,0,0,0,60.00004196
357, 10/26/2021, 09:20:24," ""...""",99.99576569,0,0,0.99957377,0.99974769,0.99986893,2.99903154,-0.86463064,1,1,0,0,0,60.00004959
356, 10/26/2021, 09:20:27," ""...""",99.99623108,0,0,0.99958545,0.99974811,0.99988693,2.99905229,-0.86461097,1,1,0,0,0,60.00004959
355, 10/26/2021, 09:20:30," ""...""",99.99604797,0,0,0.99957359,0.99975598,0.99988472,2.99903774,-0.99999607,1,1,0,0,0,60.00004959
354, 10/26/2021, 09:20:33," ""...""",99.99649048,0,0,0.99957103,0.99975663,0.99986744,2.9990046,-0.99999601,1,1,0,0,0.03125,60.00004959
353, 10/26/2021, 09:20:36," ""...""",99.99645996,0,0,0.99961489,0.99978256,0.99993265,2.99915338,-0.86743796,1,1,0,0,0,60.00004959
352, 10/26/2021, 09:20:39," ""...""",99.99645996,0,0,0.99961483,0.99978715,0.99992663,2.99913287,-0.86741912,1,1,0,0,0,60.00004959
351, 10/26/2021, 09:20:42," ""...""",99.99700928,0,0,0.99957913,0.99974084,0.99989009,2.99904394,-0.50243741,1,1,0,0,0,59.99993896
350, 10/26/2021, 09:20:45," ""...""",99.99699402,0,0,0.99955994,0.99975109,0.99991435,2.99905419,-0.5024659,1,1,0,0,0,60.0001297
349, 10/26/2021, 09:20:48," ""...""",99.99716949,0,0,0.99953628,0.99975502,0.99989426,2.99900055,-0.00288212,1,1,0,0,0,59.99996948
348, 10/26/2021, 09:20:51," ""...""",99.99761963,0,0,0.99954319,0.99976271,0.99990928,2.99902487,-0.00282725,1,1,0,0,0,60.00017929
347, 10/26/2021, 09:20:54," ""...""",99.99794769,0,0,0.99956977,0.99977046,0.9999668,2.99913001,0.49750262,1,1,0,0,0,59.99998856
346, 10/26/2021, 09:20:57," ""...""",99.99771118,0,0,0.99956352,0.99978977,0.9999665,2.99913025,0.49750945,1,1,0,0,0,60.00001526
345, 10/26/2021, 09:21:00," ""...""",99.99723053,0,0,0.99953264,0.99976164,0.99996072,2.99904156,0.86463279,1,1,0,0,0,60.00009918
344, 10/26/2021, 09:21:03," ""...""",99.99736023,0,0,0.99953395,0.99975061,0.99994588,2.9990375,0.86461264,1,1,0,0,0,60.00024796
343, 10/26/2021, 09:21:06," ""...""",0,0,0,0.00110478,0.00081782,0,0.00287862,1,1,1,0,0,0,60
342, 10/26/2021, 09:21:09," ""...""",0,0,0,0,0,0,0.00099484,1,1,1,0,0,0,60
341, 10/26/2021, 09:21:12," ""...""",0,0,0,0,0,0,0,1,1,1,0,0,0,60
340, 10/26/2021, 09:21:15," ""...""",73.71866608,0,0,2.2113874,0,2.20654583,6.63237619,0.99999547,1,1,4.25,4.25,4.25,60
339, 10/26/2021, 09:21:18," ""...""",99.99703979,0,0,2.99967122,3.00008798,3.00062943,8.99903679,0.99999559,1,1,0,0,0,60.00006104
338, 10/26/2021, 09:21:21," ""...""",99.99674225,0,0,2.99800324,2.99842858,2.99896407,8.99390411,0.97783911,1,1,2,2,2,60.0000267
337, 10/26/2021, 09:21:24," ""...""",99.99555969,0,0,2.99963713,3.0000515,3.00063276,8.99894619,0.86749077,1,1,0,0,0,60.00005341
336, 10/26/2021, 09:21:27," ""...""",99.99559784,0,0,3.00821257,3.00866365,3.00921345,9.02478695,0.74206394,1,1,1.8125,1.8125,1.8125,60.00009155
335, 10/26/2021, 09:21:30," ""...""",99.99463654,0,0,2.99962616,3.00005817,3.00059175,8.9989109,0.50257283,1,1,0,0,0,60.00003815
334, 10/26/2021, 09:21:33," ""...""",99.99446106,0,0,3.0099299,3.01033974,3.01085925,9.02993679,0.30545565,1,1,1.375,1.375,1.40625,60.00003433
333, 10/26/2021, 09:21:36," ""...""",99.9940033,0,0,2.99968982,3.00008416,3.00060821,8.99898911,0.00291919,1,1,0,0,0,60.00005341
332, 10/26/2021, 09:21:39," ""...""",99.9936676,0,0,3.00131035,3.00169873,3.0022459,9.00403309,-0.21354069,1,1,1.0625,1.0625,1.0625,59.99999237
331, 10/26/2021, 09:21:42," ""...""",99.99468994,0,0,2.9996686,3.00004172,3.00059962,8.9989357,-0.4975318,1,1,0,0,0,59.99991226
330, 10/26/2021, 09:21:45," ""...""",99.9950943,0,0,2.99098563,2.99136877,2.99190664,8.97284985,-0.67333728,1,1,1.25,1.25,1.25,60.00004959
329, 10/26/2021, 09:21:48," ""...""",99.99517822,0,0,2.99967504,3.00005436,3.00055957,8.99893761,-0.86457282,1,1,0,0,0,60.00024796
328, 10/26/2021, 09:21:51," ""...""",99.99562836,0,0,2.98933244,2.98972201,2.99022818,8.96772003,-0.9521634,-0.73034382,1,1.71875,1.75,1.71875,60.00005341
327, 10/26/2021, 09:21:54," ""...""",99.99607849,0,0,2.99972367,3.00008702,3.0005703,8.99901485,-0.99999589,1,1,0,0,0,60.00006104
326, 10/26/2021, 09:21:57," ""...""",99.99686432,0,0,2.99802423,2.9983902,2.99891734,8.99384212,-0.97782898,-0.44576848,1,1.96875,1.96875,1.96875,60.00004959
325, 10/26/2021, 09:22:00," ""...""",99.99732208,0,0,2.99970198,3.00003219,3.00057673,8.99897289,-0.86747557,1,1,0,0,0,60.00003052
324, 10/26/2021, 09:22:03," ""...""",99.99843597,0,0,3.00828671,3.00864673,3.00919104,9.02484322,-0.74205124,1,1,1.84375,1.84375,1.84375,60.00003433
323, 10/26/2021, 09:22:06," ""...""",99.99931335,0,0,2.99964738,3.00005317,3.00057507,8.99891567,-0.50257796,1,1,0,0,0,60.00004578
322, 10/26/2021, 09:22:09," ""...""",99.99893188,0,0,3.0099287,3.01031303,3.01081467,9.02988529,-0.30549863,1,1,1.40625,1.40625,1.40625,59.99998093
321, 10/26/2021, 09:22:12," ""...""",99.99919891,0,0,2.99968457,3.00007892,3.00060058,8.99899387,-0.00300955,1,1,0,0,0,59.99984741
320, 10/26/2021, 09:22:15," ""...""",99.99909973,0,0,3.00129104,3.00167346,3.00221729,9.00396252,0.21349123,1,1,1.09375,1.09375,1.09375,60.00003433
319, 10/26/2021, 09:22:18," ""...""",99.9988327,0,0,2.99964094,3.00002193,3.00060821,8.99890804,0.49746826,1,1,0,0,0,59.99999237
318, 10/26/2021, 09:22:21," ""...""",99.99897003,0,0,2.99094033,2.99135995,2.99194837,8.97287369,0.67329139,1,1,1.28125,1.28125,1.28125,59.99998474
317, 10/26/2021, 09:22:24," ""...""",99.99863434,0,0,2.99962497,3.00005198,3.00060678,8.99891472,0.86452711,1,1,0,0,0,60.00001526
316, 10/26/2021, 09:22:27," ""...""",73.46143341,0,0,2.18957138,2.18991208,2.19032121,6.56831646,0.86422211,1,1,5.96875,5.96875,6,59.99950027
315, 10/26/2021, 09:22:30," ""...""",0,0,0,0,0,0,0.00093397,1,1,1,0,0,0,60
314, 10/26/2021, 09:22:33," ""...""",0,0,0,0,0,0.0009264,0.00165681,1,1,1,0,0,0,60
313, 10/26/2021, 09:22:36," ""...""",0,0,0,0,0,0,0.00207716,1,1,1,0,0,0,60
312, 10/26/2021, 09:22:39," ""...""",99.99614716,0,0,6.00026226,6.0007782,6.00179243,17.99835396,0.99999553,1,1,0,0,0,60.00003052
311, 10/26/2021, 09:22:42," ""...""",99.99645996,0,0,6.00026083,6.0007658,6.00180578,17.9983139,0.99999565,1,1,0,0,0,60.00001144
310, 10/26/2021, 09:22:45," ""...""",99.99427032,0,0,6.00029278,6.00077677,6.00177526,17.99836922,0.86751986,1,1,0,0,0,60.00001144
309, 10/26/2021, 09:22:48," ""...""",99.99472809,0,0,6.00028706,6.00078726,6.00176334,17.99836349,0.86749268,1,1,0,0,0,59.99999619
308, 10/26/2021, 09:22:51," ""...""",99.99202728,0,0,6.0002985,6.0007472,6.00179529,17.99835968,0.50258118,1,1,0,0,0,60.00000381
307, 10/26/2021, 09:22:54," ""...""",99.99253845,0,0,6.00027609,6.000741,6.00177145,17.99830627,0.5025748,1,1,0,0,0,59.99996567
306, 10/26/2021, 09:22:57," ""...""",99.99117279,0,0,6.00028467,6.00073051,6.0017643,17.99830055,0.00292906,1,1,0,0,0,60.00005722
305, 10/26/2021, 09:23:00," ""...""",99.99168396,0,0,6.00028133,6.00073767,6.00174904,17.99822807,0.00293844,1,1,0,0,0,59.99980927
304, 10/26/2021, 09:23:03," ""...""",99.99163055,0,0,6.00031519,6.00072861,6.00168085,17.99821663,-0.49745941,1,1,0,0,0,60.00017166
303, 10/26/2021, 09:23:06," ""...""",99.99136353,0,0,6.00030327,6.00073862,6.00169659,17.99826622,-0.49746114,-0.97473866,1,0,0,0,60.00004959
302, 10/26/2021, 09:23:09," ""...""",99.99263,0,0,6.000319,6.00069427,6.00169134,17.998209,-0.86456043,1,1,0,0,0,59.99999237
301, 10/26/2021, 09:23:12," ""...""",99.99304199,0,0,6.00030565,6.00069332,6.00170374,17.99823952,-0.86456418,1,1,0,0,0,60.00009537
300, 10/26/2021, 09:23:15," ""...""",99.99475098,0,0,6.00029469,6.00066137,6.00170183,17.998209,-0.99999589,1,1,0,0,0,60.0000267
299, 10/26/2021, 09:23:18," ""...""",99.99480438,0,0,6.00027895,6.00067568,6.00168467,17.99813461,-0.99999583,1,1,0,0,0,60.00007248
298, 10/26/2021, 09:23:21," ""...""",99.99697113,0,0,6.00031948,6.00069046,6.00165224,17.99817276,-0.86746627,1,1,0,0,0,60.00011444
297, 10/26/2021, 09:23:24," ""...""",99.99715424,0,0,6.00030375,6.00066233,6.00162601,17.99812889,-0.86746109,1,1,0,0,0,60.00005341
296, 10/26/2021, 09:23:27," ""...""",99.99898529,0,0,6.0003233,6.00069094,6.0017066,17.99821854,-0.50252134,1,1,0,0,0,59.99989319
295, 10/26/2021, 09:23:30," ""...""",99.99868774,0,0,6.00033045,6.00069237,6.00171852,17.99825478,-0.50251532,1,1,0,0,0,60.00004959
294, 10/26/2021, 09:23:33," ""...""",100.0000229,0,0,6.00029087,6.00068378,6.0017314,17.99823952,-0.00289751,1,1,0,0,0,60.00005341
293, 10/26/2021, 09:23:36," ""...""",99.99992371,0,0,6.00030184,6.00069666,6.00175095,17.99827385,-0.00293921,1,1,0,0,0,59.99985886
292, 10/26/2021, 09:23:39," ""...""",100.0004959,0,0,6.00028181,6.00069761,6.00168514,17.99818039,0.49742642,1,1,0,0,0,59.99995422
291, 10/26/2021, 09:23:42," ""...""",100.0001679,0,0,6.00029755,6.00071192,6.00171185,17.99822426,0.49744701,1,1,0,0,0,60.00005341
290, 10/26/2021, 09:23:45," ""...""",99.99950409,0,0,6.00026655,6.00065851,6.00172091,17.99814034,0.86453432,1,1,0,0,0,60.00000381
289, 10/26/2021, 09:23:48," ""...""",99.99900818,0,0,6.00026989,6.00064802,6.00171995,17.99812889,0.86453372,1,1,0,0,0,60.00005722
288, 10/26/2021, 09:23:51," ""...""",0,0,0,0.00638915,0.00701652,0.00638387,0.01919849,1,1,1,0,0,0,60
287, 10/26/2021, 09:23:54," ""...""",0,0,0,0.0020622,0.0022136,0.00201414,0.00654345,1,1,1,0,0,0,60
286, 10/26/2021, 09:23:57," ""...""",0,0,0,0,0,0,0,1,1,1,0,0,0,60
285, 10/26/2021, 09:24:00," ""...""",0,0,0,0,0,0,0,1,1,1,0,0,0,60
284, 10/26/2021, 09:24:03," ""...""",0,0,0,0,0,0,0,1,1,1,0,0,0,60
283, 10/26/2021, 09:24:06," ""...""",0,0,0,0,0,0,0,1,1,1,0,0,0,60
282, 10/26/2021, 09:24:09," ""...""",0,0,0,0,0,0,0,1,1,1,0,0,0,60
281, 10/26/2021, 09:24:12," ""...""",0,0,0,0,0,0,0,1,1,1,0,0,0,60
280, 10/26/2021, 09:24:15," ""...""",0,0,0,0,0,0,0,1,1,1,0,0,0,60
279, 10/26/2021, 09:24:18," ""...""",0,0,0,0,0,0,0,1,1,1,0,0,0,60
278, 10/26/2021, 09:24:21," ""...""",0,0,0,0,0,0,0,1,1,1,0,0,0,60
277, 10/26/2021, 09:24:24," ""...""",0,0,0,0,0,0,0,1,1,1,0,0,0,60
276, 10/26/2021, 09:24:27," ""...""",0,0,0,0,0,0,0.00193621,1,1,1,0,0,0,60
275, 10/26/2021, 09:24:30," ""...""",0,0,0,0,0,0.00079016,0.00193735,1,1,1,0,0,0,60
274, 10/26/2021, 09:24:33," ""...""",0,0,0,0,0,0,0.00184959,1,1,1,0,0,0,60
273, 10/26/2021, 09:24:36," ""...""",0,0,0,0,0,0,1.73297453,1,1,1,1.84375,1.875,1.8125,60
272, 10/26/2021, 09:24:39," ""...""",0,0,0,0.99976075,0.99982566,1.00000119,2.99941468,1,1,1,0,0,0,60
271, 10/26/2021, 09:24:42," ""...""",0,0,0,0.81592464,0.81597233,0.81610829,2.44782066,1,1,1,0.84375,0.875,0.84375,60
270, 10/26/2021, 09:24:45," ""...""",0,0,0,1.15554404,1.15760088,1.15289712,3.46610379,1,1,1,1.8125,1.8125,1.75,60
269, 10/26/2021, 09:24:48," ""...""",0,0,0,1.9994278,1.99964762,1.99979234,5.99894094,1,1,1,0,0,0,60
268, 10/26/2021, 09:24:51," ""...""",0,0,0,1.63172078,1.6319145,1.63203955,4.89566994,1,1,1,0.875,0.875,0.875,60
267, 10/26/2021, 09:24:54," ""...""",0,0,0,1.73391938,1.73690414,1.72998607,5.20000982,1,1,1,1.8125,1.84375,1.8125,60
266, 10/26/2021, 09:24:57," ""...""",0,0,0,3.00010014,3.00026774,3.00078535,8.99976349,1,1,1,0,0,0,60
265, 10/26/2021, 09:25:00," ""...""",0,0,0,2.44834852,2.44847846,2.44891715,7.34453964,1,1,1,0.875,0.90625,0.90625,60
264, 10/26/2021, 09:25:03," ""...""",0,0,0,2.31187391,2.31591439,2.30673695,6.93303442,1,1,1,1.8125,1.8125,1.78125,60
263, 10/26/2021, 09:25:06," ""...""",0,0,0,4.00004244,4.00032806,4.00112057,11.99896049,1,1,1,0,0,0,60
262, 10/26/2021, 09:25:09," ""...""",0,0,0,3.26434875,3.26457667,3.26526237,9.79201126,1,1,1,0.90625,0.90625,0.90625,60
261, 10/26/2021, 09:25:12," ""...""",0,0,0,2.89005089,2.89511728,0,8.66657066,1,1,1,1.875,1.875,1.84375,60
260, 10/26/2021, 09:25:15," ""...""",0,0,0,5.00030518,5.00064993,5.00135946,14.99881268,1,1,1,0,0,0,60
259, 10/26/2021, 09:25:18," ""...""",0,0,0,4.08061981,4.08088398,4.08147001,12.23994827,1,1,1,0.90625,0.90625,0.9375,60
258, 10/26/2021, 09:25:21," ""...""",0,0,0,3.46823859,3.47431064,3.46024299,10.40028,1,1,1,1.875,1.875,1.875,60
257, 10/26/2021, 09:25:24," ""...""",0,0,0,6.00054455,6.00092411,6.00174427,17.99869919,1,1,1,0,0,0,60
256, 10/26/2021, 09:25:27," ""...""",0,0,0,4.89681673,4.89711761,4.89782095,14.68791771,1,1,1,0.90625,0.90625,0.90625,60
255, 10/26/2021, 09:25:30," ""...""",0,0,0,0.00446857,0.00471341,0.00421903,0.01283251,1,1,1,0,0,0,60
254, 10/26/2021, 09:25:33," ""...""",0,0,0,0,0,0,0.00107352,1,1,1,0,0,0,60
253, 10/26/2021, 09:25:36," ""...""",0,0,0,0.00165032,0,0.00080619,0.00275681,1,1,1,0,0,0,60
252, 10/26/2021, 09:25:39," ""...""",99.99427795,0,0,0.99972856,0.99979454,0.99995655,2.99930668,0.9999966,1,1,0,0,0,59.99991608
251, 10/26/2021, 09:25:42," ""...""",99.99445343,0,0,0.9997595,0.99980497,0.99996591,2.9993372,0.99999672,1,1,0,0,0,59.99999237
250, 10/26/2021, 09:25:45," ""...""",99.99357605,0,0,0.99972486,0.99985909,0.99995774,2.99935579,0.86729181,1,1,0,0,0,60.00008774
249, 10/26/2021, 09:25:48," ""...""",99.99378967,0,0,0.99971122,0.99985659,0.99993622,2.99931622,0.86727434,1,1,0,0,0,59.99999237
248, 10/26/2021, 09:25:51," ""...""",99.99369049,0,0,0.99968272,0.99982506,0.99999332,2.99932146,0.50219572,1,1,0,0,0,60.00004196
247, 10/26/2021, 09:25:54," ""...""",99.99421692,0,0,0.99968344,0.99982595,0.9999662,2.99928594,0.50218427,1,1,0,0,0,60.00004578
246, 10/26/2021, 09:25:57," ""...""",99.9935379,0,0,0.99976259,0.99983311,1.00000036,2.9994247,0.00251497,1,1,0,0,0,60.00004196
245, 10/26/2021, 09:26:00," ""...""",99.99409485,0,0,0.99975681,0.99983126,1.00000286,2.99940944,0.00247486,1,1,0,0,0,60.00004196
244, 10/26/2021, 09:26:03," ""...""",99.99402618,0,0,0.99975616,0.99988705,1.00000799,2.99947405,-0.49787185,1,1,0,0,0,60.00004959
243, 10/26/2021, 09:26:06," ""...""",99.99464417,0,0,0.99974728,0.99988621,1.00000095,2.99944901,-0.49782255,1,1,0,0,0,60.00006485
242, 10/26/2021, 09:26:09," ""...""",99.99488831,0,0,0.99971819,0.99985951,1.00002968,2.99941468,-0.86473995,1,1,0,0,0,59.99990082
241, 10/26/2021, 09:26:12," ""...""",99.99480438,0,0,0.99972451,0.99985999,1.00003088,2.99943256,-0.86477339,1,1,0,0,0,59.9999733
240, 10/26/2021, 09:26:15," ""...""",99.99547577,0,0,0.99978048,0.9998517,1.00003874,2.99949026,-0.9999969,1,1,0,0,0,60.00003815
239, 10/26/2021, 09:26:18," ""...""",99.9954834,0,0,0.99976438,0.99984825,1.00004089,2.99948025,-0.99999678,1,1,0,0,0,60.00000763
238, 10/26/2021, 09:26:21," ""...""",99.99573517,0,0,0.99974823,0.99988878,1.00000179,2.99944782,-0.86730677,1,1,0,0,0,60.00005722
237, 10/26/2021, 09:26:24," ""...""",99.9959259,0,0,0.99975264,0.99988413,1.00004387,2.99947643,-0.86730009,1,1,0,0,0,60.00008011
236, 10/26/2021, 09:26:27," ""...""",99.99634552,0,0,0.9997021,0.99985868,1.00003803,2.99940205,-0.50221777,1,1,0,0,0,60.00008011
235, 10/26/2021, 09:26:30," ""...""",99.99676514,0,0,0.99970531,0.99984771,1.00002396,2.99939251,-0.50217879,1,1,0,0,0,60.00005722
234, 10/26/2021, 09:26:33," ""...""",99.99681854,0,0,0.99976194,0.99984044,1.00001645,2.99941444,-0.00249806,1,1,0,0,0,59.99996185
233, 10/26/2021, 09:26:36," ""...""",99.9970932,0,0,0.99977064,0.9998365,1.00000405,2.99942374,-0.00261194,1,1,0,0,0,60.00009155
232, 10/26/2021, 09:26:39," ""...""",99.99715424,0,0,0.99971157,0.99987572,0.99996316,2.99936652,0.49781749,0.94054484,1,0,0,0,60.00006485
231, 10/26/2021, 09:26:42," ""...""",99.99687958,0,0,0.99972206,0.99988645,0.99996275,2.99937582,0.49777275,1,1,0,0,0,60.00008774
230, 10/26/2021, 09:26:45," ""...""",99.99685669,0,0,0.99968427,0.99983358,0.99997306,2.99928808,0.86470646,1,1,0,0,0,60.00007248
229, 10/26/2021, 09:26:48," ""...""",99.99638367,0,0,0.99969941,0.99983382,0.99999052,2.99932361,0.86470795,1,1,0,0,0,60.00024033
228, 10/26/2021, 09:26:51," ""...""",0,0,0,0,0,0,0.00191391,1,1,1,0,0,0,60
227, 10/26/2021, 09:26:54," ""...""",0,0,0,0,0,0,0,1,1,1,0,0,0,60
226, 10/26/2021, 09:26:57," ""...""",0,0,0,0,0,0,0,1,1,1,0,0,0,60
225, 10/26/2021, 09:27:00," ""...""",0,0,0,0,0,0,0.00183716,1,1,1,0,0,0,60
224, 10/26/2021, 09:27:03," ""...""",99.99563599,0,0,3.00008798,3.00029516,3.00076604,8.99980068,0.99999648,1,1,0,0,0,60.00000381
223, 10/26/2021, 09:27:06," ""...""",99.99593353,0,0,3.00008512,3.00029516,3.00076246,8.99977303,0.99999666,1,1,0,0,0,59.99999619
222, 10/26/2021, 09:27:09," ""...""",99.99459839,0,0,3.00004816,3.00030828,3.00076747,8.99974728,0.86731797,1,1,0,0,0,60.00002289
221, 10/26/2021, 09:27:12," ""...""",99.99376678,0,0,3.00003791,3.00028324,3.00076723,8.9997139,0.86729908,1,1,0,0,0,60.00009155
220, 10/26/2021, 09:27:15," ""...""",99.99286652,0,0,3.00005388,3.00028276,3.00076723,8.9997406,0.50232571,1,1,0,0,0,60.00003433
219, 10/26/2021, 09:27:18," ""...""",99.99271393,0,0,3.000072,3.00027847,3.00073814,8.9997263,0.50231022,1,1,0,0,0,60.00003433
218, 10/26/2021, 09:27:21," ""...""",99.99319458,0,0,3.00009918,3.00029135,3.00079298,8.9997921,0.00259612,1,1,0,0,0,59.99999619
217, 10/26/2021, 09:27:24," ""...""",99.99299622,0,0,3.00007653,3.00028706,3.00078464,8.99980831,0.00260529,1,1,0,0,0,60.00004959
216, 10/26/2021, 09:27:27," ""...""",99.99304199,0,0,3.00006318,3.00031853,3.00081849,8.99983215,-0.49783444,1,1,0,0,0,59.999897
215, 10/26/2021, 09:27:30," ""...""",99.99311829,0,0,3.00006032,3.00036168,3.00079989,8.99984455,-0.49780899,1,1,0,0,0,60.00006485
214, 10/26/2021, 09:27:33," ""...""",99.9943161,0,0,3.00009537,3.00033116,3.00083017,8.99989605,-0.86472607,-0.88410127,1,0,0,0,60.00009155
213, 10/26/2021, 09:27:36," ""...""",99.99432373,0,0,3.0001111,3.0003171,3.00080729,8.99987221,-0.86469156,1,1,0,0,0,60.00004578
212, 10/26/2021, 09:27:39," ""...""",99.99565887,0,0,3.00011349,3.00034475,3.00085998,8.99991894,-0.99999672,1,1,0,0,0,60.00003433
211, 10/26/2021, 09:27:42," ""...""",99.99577332,0,0,3.00010204,3.00032544,3.00082612,8.99989414,-0.99999684,1,1,0,0,0,59.99991608
210, 10/26/2021, 09:27:45," ""...""",99.99718475,0,0,3.00006318,3.00032759,3.00081205,8.99984264,-0.86727667,1,1,0,0,0,60.00005722
209, 10/26/2021, 09:27:48," ""...""",99.9970932,0,0,3.00006962,3.00035453,3.00082111,8.99986267,-0.86726797,1,1,0,0,0,60.00005341
208, 10/26/2021, 09:27:51," ""...""",99.99825287,0,0,3.00007796,3.00030637,3.00078893,8.99981689,-0.50228763,1,1,0,0,0,59.99985886
207, 10/26/2021, 09:27:54," ""...""",99.99836731,0,0,3.00008082,3.00030088,3.0007956,8.99979019,-0.50228834,1,1,0,0,0,60.00003815
206, 10/26/2021, 09:27:57," ""...""",99.99875641,0,0,3.00009632,3.00027585,3.00079513,8.99977589,-0.00259025,1,1,0,0,0,60.00003815
205, 10/26/2021, 09:28:00," ""...""",99.99934387,0,0,3.00009036,3.00029159,3.00078416,8.99977779,-0.00257838,1,1,0,0,0,60.00009155
204, 10/26/2021, 09:28:03," ""...""",99.99804688,0,0,3.00003982,3.00029564,3.00076652,8.99974251,0.49780992,1,1,0,0,0,59.99995041
203, 10/26/2021, 09:28:06," ""...""",99.99842072,0,0,3.00003982,3.00032091,3.00077963,8.99974823,0.4977673,1,1,0,0,0,60.0000267
202, 10/26/2021, 09:28:09," ""...""",99.99739838,0,0,3.00005817,3.00026631,3.00075984,8.99969673,0.86467701,1,1,0,0,0,60.00004196
201, 10/26/2021, 09:28:12," ""...""",99.99754333,0,0,3.00005984,3.00028324,3.00075388,8.99971867,0.86468881,1,1,0,0,0,60.00009155
200, 10/26/2021, 09:28:15," ""...""",0,0,0,0.00081785,0,0,0.00182756,1,1,1,0,0,0,60
199, 10/26/2021, 09:28:18," ""...""",0,0,0,0,0,0,0.00087547,1,1,1,0,0,0,60
198, 10/26/2021, 09:28:21," ""...""",0,0,0,0.00123154,0,0,0.00230335,1,1,1,0,0,0,60
197, 10/26/2021, 09:28:24," ""...""",99.99490356,0,0,6.00052929,6.00100136,6.00178576,17.99880219,0.99999666,1,1,0,0,0,60.00017548
196, 10/26/2021, 09:28:27," ""...""",99.99549103,0,0,6.00052118,6.00098419,6.00175428,17.9987545,0.9999966,1,1,0,0,0,60.00001526
195, 10/26/2021, 09:28:30," ""...""",99.99238586,0,0,6.00047207,6.00099516,6.00171614,17.99866676,0.86732632,1,1,0,0,0,60.00002289
194, 10/26/2021, 09:28:33," ""...""",99.99229431,0,0,6.00048542,6.00098181,6.00170469,17.99863434,0.86731261,1,1,0,0,0,59.99999619
193, 10/26/2021, 09:28:36," ""...""",99.98971558,0,0,6.00048733,6.00098228,6.00173807,17.99869156,0.50226772,1,1,0,0,0,60.00002289
192, 10/26/2021, 09:28:39," ""...""",99.99032593,0,0,6.00045681,6.00094128,6.00173664,17.99864006,0.5022558,1,1,0,0,0,60.00004196
191, 10/26/2021, 09:28:42," ""...""",99.98864746,0,0,6.00051832,6.00098419,6.00179672,17.99877548,0.00256543,1,1,0,0,0,60.00003815
190, 10/26/2021, 09:28:45," ""...""",99.98936462,0,0,6.00051975,6.00096273,6.00179958,17.99873734,0.00252231,1,1,0,0,0,59.99999619
189, 10/26/2021, 09:28:48," ""...""",99.98945618,0,0,6.0004549,6.00094128,6.00174332,17.99863052,-0.49785548,1,1,0,0,0,59.9999733
188, 10/26/2021, 09:28:51," ""...""",99.98980713,0,0,6.00047159,6.0009532,6.00173473,17.99863434,-0.49787626,1,1,0,0,0,60.00001907
187, 10/26/2021, 09:28:54," ""...""",99.99145508,0,0,6.00047112,6.00090933,6.0017314,17.99858093,-0.86475664,1,1,0,0,0,60.00001907
186, 10/26/2021, 09:28:57," ""...""",99.99177551,0,0,6.00046778,6.00090742,6.00172043,17.9986248,-0.86473441,1,1,0,0,0,60.00001907
185, 10/26/2021, 09:29:00," ""...""",99.99497986,0,0,6.00050497,6.0009079,6.00177145,17.9986763,-0.99999696,1,1,0,0,0,60.00003433
184, 10/26/2021, 09:29:03," ""...""",99.99485779,0,0,6.00051498,6.00094366,6.00178432,17.99873924,-0.99999678,1,1,0,0,0,60.00003815
183, 10/26/2021, 09:29:06," ""...""",99.99801636,0,0,6.00048065,6.00096083,6.00175524,17.99868584,-0.86726636,1,1,0,0,0,59.99996185
182, 10/26/2021, 09:29:09," ""...""",99.99798584,0,0,6.00050306,6.00094843,6.00174761,17.99865913,-0.86726934,-0.29085901,1,0,0,0,60.00003433
181, 10/26/2021, 09:29:12," ""...""",100.000412,0,0,6.00052786,6.00089836,6.0017395,17.99868202,-0.50219774,1,1,0,0,0,59.9998703
180, 10/26/2021, 09:29:15," ""...""",100.0013504,0,0,6.00051022,6.00090361,6.00173092,17.99863815,-0.50225258,1,1,0,0,0,60.00004959
179, 10/26/2021, 09:29:18," ""...""",100.0018234,0,0,6.00054741,6.00094032,6.00176239,17.99873543,-0.00256072,1,1,0,0,0,60.00004959
178, 10/26/2021, 09:29:21," ""...""",100.0016632,0,0,6.00055265,6.00092125,6.00177908,17.99871063,-0.00259004,1,1,0,0,0,60.000103
177, 10/26/2021, 09:29:24," ""...""",100.0012817,0,0,6.00049782,6.00089979,6.00169849,17.99859428,0.49777192,1,1,0,0,0,60.00006485
176, 10/26/2021, 09:29:27," ""...""",100.0014648,0,0,6.00047207,6.00088167,6.00167465,17.99849892,0.49773458,1,1,0,0,0,60.00012207
175, 10/26/2021, 09:29:30," ""...""",99.99868774,0,0,6.00049543,6.00083685,6.00167084,17.9984436,0.86470425,1,1,0,0,0,60.00001526
174, 10/26/2021, 09:29:33," ""...""",99.99906921,0,0,6.0004735,6.00082445,6.00165224,17.99839973,0.86468935,1,1,0,0,0,60.00006104
173, 10/26/2021, 09:29:36," ""...""",0,0,0,0.00591506,0.00647222,0.00579432,0.01736077,0.98994946,1,1,0,0,0,60
172, 10/26/2021, 09:29:39," ""...""",0,0,0,0.00149527,0.00163703,0.00172266,0.00515359,1,1,1,0,0,0,60
171, 10/26/2021, 09:29:42," ""...""",0,0,0,0,0,0,0.00111372,1,1,1,0,0,0,60
170, 10/26/2021, 09:29:45," ""...""",0,0,0,0,0,0,0,1,1,1,0,0,0,60
169, 10/26/2021, 09:29:48," ""...""",0,0,0,0,0,0,0,1,1,1,0,0,0,60
168, 10/26/2021, 09:29:51," ""...""",0,0,0,0,0,0,0,1,1,1,0,0,0,60
167, 10/26/2021, 09:29:54," ""...""",0,0,0,0,0,0,0,1,1,1,0,0,0,60
166, 10/26/2021, 09:29:57," ""...""",0,0,0,0,0,0,0,1,1,1,0,0,0,60
165, 10/26/2021, 09:30:00," ""...""",0,0,0,0,0,0,0,1,1,1,0,0,0,60
164, 10/26/2021, 09:30:03," ""...""",0,0,0,0,0,0,0,1,1,1,0,0,0,60
163, 10/26/2021, 09:30:06," ""...""",0,0,0,0,0,0,0,1,1,1,0,0,0,60
162, 10/26/2021, 09:30:09," ""...""",0,0,0,0,0,0,0,1,1,1,0,0,0,60
161, 10/26/2021, 09:30:12," ""...""",0,0,0,0,0,0,0,1,1,1,0,0,0,60
160, 10/26/2021, 09:30:15," ""...""",0,0,0,0,0,0,0,1,1,1,0,0,0,60
159, 10/26/2021, 09:30:18," ""...""",0,0,0,0,0,0,0,1,1,1,0,0,0,60
158, 10/26/2021, 09:30:21," ""...""",0,0,0,0,0,0,0,1,1,1,0,0,0,60
157, 10/26/2021, 09:30:24," ""...""",0,0,0,0,0,0,0,1,1,1,0,0,0,60
156, 10/26/2021, 09:30:27," ""...""",0,0,0,0,0,0,0,1,1,1,0,0,0,60
155, 10/26/2021, 09:30:30," ""...""",0,0,0,0,0,0,0,1,1,1,0,0,0,60
154, 10/26/2021, 09:30:33," ""...""",0,0,0,0,0,0,0,1,1,1,0,0,0,60
153, 10/26/2021, 09:30:36," ""...""",0,0,0,0,0,0,0,1,1,1,0,0,0,60
152, 10/26/2021, 09:30:39," ""...""",0,0,0,0,0,0,0,1,1,1,0,0,0,60
151, 10/26/2021, 09:30:42," ""...""",0,0,0,0,0,0,0,1,1,1,0,0,0,60
150, 10/26/2021, 09:30:45," ""...""",0,0,0,0,0,0,0,1,1,1,0,0,0,60
149, 10/26/2021, 09:30:48," ""...""",0,0,0,0,0,0,0,1,1,1,0,0,0,60
148, 10/26/2021, 09:30:51," ""...""",0,0,0,0,0,0,0,1,1,1,0,0,0,60
147, 10/26/2021, 09:30:54," ""...""",0,0,0,0,0,0,0,1,1,1,0,0,0,60
146, 10/26/2021, 09:30:57," ""...""",0,0,0,0,0,0,0,1,1,1,0,0,0,60
145, 10/26/2021, 09:31:00," ""...""",0,0,0,0,0,0,0,1,1,1,0,0,0,60
144, 10/26/2021, 09:31:03," ""...""",0,0,0,0,0,0,0,1,1,1,0,0,0,60
143, 10/26/2021, 09:31:06," ""...""",0,0,0,0,0,0,0,1,1,1,0,0,0,60
142, 10/26/2021, 09:31:09," ""...""",0,0,0,0,0,0,0,1,1,1,0,0,0,60
141, 10/26/2021, 09:31:12," ""...""",0,0,0,0,0,0,0,1,1,1,0,0,0,60
140, 10/26/2021, 09:31:15," ""...""",0,0,0,0,0,0,0,1,1,1,0,0,0,60
139, 10/26/2021, 09:31:18," ""...""",0,0,0,0,0,0,0,1,1,1,0,0,0,60
138, 10/26/2021, 09:31:21," ""...""",0,0,0,0,0,0,0,1,1,1,0,0,0,60
137, 10/26/2021, 09:31:24," ""...""",0,0,0,0,0,0,0,1,1,1,0,0,0,60
136, 10/26/2021, 09:31:27," ""...""",0,0,0,0,0,0,0,1,1,1,0,0,0,60
135, 10/26/2021, 09:31:30," ""...""",0,0,0,0,0,0,0,1,1,1,0,0,0,60
134, 10/26/2021, 09:31:33," ""...""",0,0,0,0,0,0,0,1,1,1,0,0,0,60
133, 10/26/2021, 09:31:36," ""...""",0,0,0,0,0,0,0,1,1,1,0,0,0,60
132, 10/26/2021, 09:31:39," ""...""",0,0,0,0,0,0,0,1,1,1,0,0,0,60
131, 10/26/2021, 09:31:42," ""...""",0,0,0,0,0,0,0,1,1,1,0,0,0,60
130, 10/26/2021, 09:31:45," ""...""",0,0,0,0,0,0,0,1,1,1,0,0,0,60
129, 10/26/2021, 09:31:48," ""...""",0,0,0,0,0,0,0,1,1,1,0,0,0,60
128, 10/26/2021, 09:31:51," ""...""",0,0,0,0,0,0,0,1,1,1,0,0,0,60
127, 10/26/2021, 09:31:54," ""...""",0,0,0,0,0,0,0,1,1,1,0,0,0,60
126, 10/26/2021, 09:31:57," ""...""",0,0,0,0,0,0,0,1,1,1,0,0,0,60
125, 10/26/2021, 09:32:00," ""...""",0,0,0,0,0,0,0,1,1,1,0,0,0,60
124, 10/26/2021, 09:32:03," ""...""",0,0,0,0,0,0,0,1,1,1,0,0,0,60
123, 10/26/2021, 09:32:06," ""...""",0,0,0,0,0,0,0,1,1,1,0,0,0,60
122, 10/26/2021, 09:32:09," ""...""",0,0,0,0,0,0,0,1,1,1,0,0,0,60
121, 10/26/2021, 09:32:12," ""...""",0,0,0,0,0,0,0,1,1,1,0,0,0,60
120, 10/26/2021, 09:32:15," ""...""",0,0,0,0,0,0,0,1,1,1,0,0,0,60
119, 10/26/2021, 09:32:18," ""...""",0,0,0,0,0,0,0,1,1,1,0,0,0,60
118, 10/26/2021, 09:32:21," ""...""",0,0,0,0,0,0,0,1,1,1,0,0,0,60
117, 10/26/2021, 09:32:24," ""...""",0,0,0,0,0,0,0,1,1,1,0,0,0,60
116, 10/26/2021, 09:32:27," ""...""",0,0,0,0,0,0,0,1,1,1,0,0,0,60
115, 10/26/2021, 09:32:30," ""...""",0,0,0,0,0,0,0,1,1,1,0,0,0,60
114, 10/26/2021, 09:32:33," ""...""",0,0,0,0,0,0,0,1,1,1,0,0,0,60
113, 10/26/2021, 09:32:36," ""...""",0,0,0,0,0,0,0,1,1,1,0,0,0,60
112, 10/26/2021, 09:32:39," ""...""",0,0,0,0,0,0,0,1,1,1,0,0,0,60
111, 10/26/2021, 09:32:42," ""...""",0,0,0,0,0,0,0,1,1,1,0,0,0,60
110, 10/26/2021, 09:32:45," ""...""",0,0,0,0,0,0,0,1,1,1,0,0,0,60
109, 10/26/2021, 09:32:48," ""...""",0,0,0,0,0,0,0,1,1,1,0,0,0,60
108, 10/26/2021, 09:32:51," ""...""",0,0,0,0,0,0,0,1,1,1,0,0,0,60
107, 10/26/2021, 09:32:54," ""...""",0,0,0,0,0,0,0,1,1,1,0,0,0,60
106, 10/26/2021, 09:32:57," ""...""",0,0,0,0,0,0,0,1,1,1,0,0,0,60
105, 10/26/2021, 09:33:00," ""...""",0,0,0,0,0,0,0,1,1,1,0,0,0,60
104, 10/26/2021, 09:33:03," ""...""",0,0,0,0,0,0,0,1,1,1,0,0,0,60
103, 10/26/2021, 09:33:06," ""...""",0,0,0,0,0,0,0,1,1,1,0,0,0,60
102, 10/26/2021, 09:33:09," ""...""",0,0,0,0,0,0,0,1,1,1,0,0,0,60
101, 10/26/2021, 09:33:12," ""...""",0,0,0,0,0,0,0,1,1,1,0,0,0,60
100, 10/26/2021, 09:33:15," ""...""",0,0,0,0,0,0,0,1,1,1,0,0,0,60
99, 10/26/2021, 09:33:18," ""...""",0,0,0,0,0,0,0,1,1,1,0,0,0,60
98, 10/26/2021, 09:33:21," ""...""",0,0,0,0,0,0,0,1,1,1,0,0,0,60
97, 10/26/2021, 09:33:24," ""...""",0,0,0,0,0,0,0,1,1,1,0,0,0,60
96, 10/26/2021, 09:33:27," ""...""",0,0,0,0,0,0,0,1,1,1,0,0,0,60
95, 10/26/2021, 09:33:30," ""...""",0,0,0,0,0,0,0,1,1,1,0,0,0,60
94, 10/26/2021, 09:33:33," ""...""",0,0,0,0,0,0,0,1,1,1,0,0,0,60
93, 10/26/2021, 09:33:36," ""...""",0,0,0,0,0,0,0,1,1,1,0,0,0,60
92, 10/26/2021, 09:33:39," ""...""",0,0,0,0,0,0,0,1,1,1,0,0,0,60
91, 10/26/2021, 09:33:42," ""...""",0,0,0,0,0,0,0,1,1,1,0,0,0,60
90, 10/26/2021, 09:33:45," ""...""",0,0,0,0,0,0,0,1,1,1,0,0,0,60
89, 10/26/2021, 09:33:48," ""...""",0,0,0,0,0,0,0,1,1,1,0,0,0,60
88, 10/26/2021, 09:33:51," ""...""",0,0,0,0,0,0,0,1,1,1,0,0,0,60
87, 10/26/2021, 09:33:54," ""...""",0,0,0,0,0,0,0,1,1,1,0,0,0,60
86, 10/26/2021, 09:33:57," ""...""",0,0,0,0,0,0,0,1,1,1,0,0,0,60
85, 10/26/2021, 09:34:00," ""...""",0,0,0,0,0,0,0,1,1,1,0,0,0,60
84, 10/26/2021, 09:34:03," ""...""",0,0,0,0,0,0,0,1,1,1,0,0,0,60
83, 10/26/2021, 09:34:06," ""...""",0,0,0,0,0,0,0,1,1,1,0,0,0,60
82, 10/26/2021, 09:34:09," ""...""",0,0,0,0,0,0,0,1,1,1,0,0,0,60
81, 10/26/2021, 09:34:12," ""...""",0,0,0,0,0,0,0,1,1,1,0,0,0,60
80, 10/26/2021, 09:34:15," ""...""",0,0,0,0,0,0,0,1,1,1,0,0,0,60
79, 10/26/2021, 09:34:18," ""...""",0,0,0,0,0,0,0,1,1,1,0,0,0,60
78, 10/26/2021, 09:34:21," ""...""",0,0,0,0,0,0,0,1,1,1,0,0,0,60
77, 10/26/2021, 09:34:24," ""...""",0,0,0,0,0,0,0,1,1,1,0,0,0,60
76, 10/26/2021, 09:34:27," ""...""",0,0,0,0,0,0,0,1,1,1,0,0,0,60
75, 10/26/2021, 09:34:30," ""...""",0,0,0,0,0,0,0,1,1,1,0,0,0,60
74, 10/26/2021, 09:34:33," ""...""",0,0,0,0,0,0,0,1,1,1,0,0,0,60
73, 10/26/2021, 09:34:36," ""...""",0,0,0,0,0,0,0,1,1,1,0,0,0,60
72, 10/26/2021, 09:34:39," ""...""",0,0,0,0,0,0,0,1,1,1,0,0,0,60
71, 10/26/2021, 09:34:42," ""...""",0,0,0,0,0,0,0,1,1,1,0,0,0,60
70, 10/26/2021, 09:34:45," ""...""",0,0,0,0,0,0,0,1,1,1,0,0,0,60
69, 10/26/2021, 09:34:48," ""...""",0,0,0,0,0,0,0,1,1,1,0,0,0,60
68, 10/26/2021, 09:34:51," ""...""",0,0,0,0,0,0,0,1,1,1,0,0,0,60
67, 10/26/2021, 09:34:54," ""...""",0,0,0,0,0,0,0,1,1,1,0,0,0,60
66, 10/26/2021, 09:34:57," ""...""",0,0,0,0,0,0,0,1,1,1,0,0,0,60
65, 10/26/2021, 09:35:00," ""...""",0,0,0,0,0,0,0,1,1,1,0,0,0,60
64, 10/26/2021, 09:35:03," ""...""",0,0,0,0,0,0,0,1,1,1,0,0,0,60
63, 10/26/2021, 09:35:06," ""...""",0,0,0,0,0,0,0,1,1,1,0,0,0,60
62, 10/26/2021, 09:35:09," ""...""",0,0,0,0,0,0,0,1,1,1,0,0,0,60
61, 10/26/2021, 09:35:12," ""...""",0,0,0,0,0,0,0,1,1,1,0,0,0,60
60, 10/26/2021, 09:35:15," ""...""",0,0,0,0,0,0,0,1,1,1,0,0,0,60
59, 10/26/2021, 09:35:18," ""...""",0,0,0,0,0,0,0,1,1,1,0,0,0,60
58, 10/26/2021, 09:35:21," ""...""",0,0,0,0,0,0,0,1,1,1,0,0,0,60
57, 10/26/2021, 09:35:24," ""...""",0,0,0,0,0,0,0,1,1,1,0,0,0,60
56, 10/26/2021, 09:35:27," ""...""",0,0,0,0,0,0,0,1,1,1,0,0,0,60
55, 10/26/2021, 09:35:30," ""...""",0,0,0,0,0,0,0,1,1,1,0,0,0,60
54, 10/26/2021, 09:35:33," ""...""",0,0,0,0,0,0,0,1,1,1,0,0,0,60
53, 10/26/2021, 09:35:36," ""...""",0,0,0,0,0,0,0,1,1,1,0,0,0,60
52, 10/26/2021, 09:35:39," ""...""",0,0,0,0,0,0,0,1,1,1,0,0,0,60
51, 10/26/2021, 09:35:42," ""...""",0,0,0,0,0,0,0,1,1,1,0,0,0,60
50, 10/26/2021, 09:35:45," ""...""",0,0,0,0,0,0,0,1,1,1,0,0,0,60
49, 10/26/2021, 09:35:48," ""...""",0,0,0,0,0,0,0,1,1,1,0,0,0,60
48, 10/26/2021, 09:35:51," ""...""",0,0,0,0,0,0,0,1,1,1,0,0,0,60
47, 10/26/2021, 09:35:54," ""...""",0,0,0,0,0,0,0,1,1,1,0,0,0,60
46, 10/26/2021, 09:35:57," ""...""",0,0,0,0,0,0,0,1,1,1,0,0,0,60
45, 10/26/2021, 09:36:00," ""...""",0,0,0,0,0,0,0,1,1,1,0,0,0,60
44, 10/26/2021, 09:36:03," ""...""",0,0,0,0,0,0,0,1,1,1,0,0,0,60
43, 10/26/2021, 09:36:06," ""...""",0,0,0,0,0,0,0,1,1,1,0,0,0,60
42, 10/26/2021, 09:36:09," ""...""",0,0,0,0,0,0,0,1,1,1,0,0,0,60
41, 10/26/2021, 09:36:12," ""...""",0,0,0,0,0,0,0,1,1,1,0,0,0,60
40, 10/26/2021, 09:36:15," ""...""",0,0,0,0,0,0,0,1,1,1,0,0,0,60
39, 10/26/2021, 09:36:18," ""...""",0,0,0,0,0,0,0,1,1,1,0,0,0,60
38, 10/26/2021, 09:36:21," ""...""",0,0,0,0,0,0,0,1,1,1,0,0,0,60
37, 10/26/2021, 09:36:24," ""...""",0,0,0,0,0,0,0,1,1,1,0,0,0,60
36, 10/26/2021, 09:36:27," ""...""",0,0,0,0,0,0,0,1,1,1,0,0,0,60
35, 10/26/2021, 09:36:30," ""...""",0,0,0,0,0,0,0,1,1,1,0,0,0,60
34, 10/26/2021, 09:36:33," ""...""",0,0,0,0,0,0,0,1,1,1,0,0,0,60
33, 10/26/2021, 09:36:36," ""...""",0,0,0,0,0,0,0,1,1,1,0,0,0,60
32, 10/26/2021, 09:36:39," ""...""",0,0,0,0,0,0,0,1,1,1,0,0,0,60
31, 10/26/2021, 09:36:42," ""...""",0,0,0,0,0,0,0,1,1,1,0,0,0,60
30, 10/26/2021, 09:36:45," ""...""",0,0,0,0,0,0,0,1,1,1,0,0,0,60
29, 10/26/2021, 09:36:48," ""...""",0,0,0,0,0,0,0,1,1,1,0,0,0,60
28, 10/26/2021, 09:36:51," ""...""",0,0,0,0,0,0,0,1,1,1,0,0,0,60
27, 10/26/2021, 09:36:54," ""...""",0,0,0,0,0,0,0,1,1,1,0,0,0,60
26, 10/26/2021, 09:36:57," ""...""",0,0,0,0,0,0,0,1,1,1,0,0,0,60
25, 10/26/2021, 09:37:00," ""...""",0,0,0,0,0,0,0,1,1,1,0,0,0,60
24, 10/26/2021, 09:37:03," ""...""",0,0,0,0,0,0,0,1,1,1,0,0,0,60
23, 10/26/2021, 09:37:06," ""...""",0,0,0,0,0,0,0,1,1,1,0,0,0,60
22, 10/26/2021, 09:37:09," ""...""",0,0,0,0,0,0,0,1,1,1,0,0,0,60
21, 10/26/2021, 09:37:12," ""...""",0,0,0,0,0,0,0,1,1,1,0,0,0,60
20, 10/26/2021, 09:37:15," ""...""",0,0,0,0,0,0,0,1,1,1,0,0,0,60
19, 10/26/2021, 09:37:18," ""...""",0,0,0,0,0,0,0,1,1,1,0,0,0,60
18, 10/26/2021, 09:37:21," ""...""",0,0,0,0,0,0,0,1,1,1,0,0,0,60
17, 10/26/2021, 09:37:24," ""...""",0,0,0,0,0,0,0,1,1,1,0,0,0,60
16, 10/26/2021, 09:37:27," ""...""",0,0,0,0,0,0,0,1,1,1,0,0,0,60
15, 10/26/2021, 09:37:30," ""...""",0,0,0,0,0,0,0,1,1,1,0,0,0,60
14, 10/26/2021, 09:37:33," ""...""",0,0,0,0,0,0,0,1,1,1,0,0,0,60
13, 10/26/2021, 09:37:36," ""...""",0,0,0,0,0,0,0,1,1,1,0,0,0,60
12, 10/26/2021, 09:37:39," ""...""",0,0,0,0,0,0,0,1,1,1,0,0,0,60
11, 10/26/2021, 09:37:42," ""...""",0,0,0,0,0,0,0,1,1,1,0,0,0,60
10, 10/26/2021, 09:37:45," ""...""",0,0,0,0,0,0,0,1,1,1,0,0,0,60
9, 10/26/2021, 09:37:48," ""...""",0,0,0,0,0,0,0,1,1,1,0,0,0,60
8, 10/26/2021, 09:37:51," ""...""",0,0,0,0,0,0,0,1,1,1,0,0,0,60
7, 10/26/2021, 09:37:54," ""...""",0,0,0,0,0,0,0,1,1,1,0,0,0,60
6, 10/26/2021, 09:37:57," ""...""",0,0,0,0,0,0,0,1,1,1,0,0,0,60
5, 10/26/2021, 09:38:00," ""...""",0,0,0,0,0,0,0,1,1,1,0,0,0,60
4, 10/26/2021, 09:38:03," ""...""",0,0,0,0,0,0,0,1,1,1,0,0,0,60
3, 10/26/2021, 09:38:06," ""...""",0,0,0,0,0,0,0,1,1,1,0,0,0,60
2, 10/26/2021, 09:38:09," ""...""",0,0,0,0,0,0,0,1,1,1,0,0,0,60
1, 10/26/2021, 09:38:12," ""...""",0,0,0,0,0,0,0,1,1,1,0,0,0,60
